ts,node,srx,stx,etx,erx
1,0,1,1,9,9
1,1,0,0,0,0
1,2,0,0,0,0
1,3,0,0,0,0
1,4,0,0,0,0
154,0,1,1,9,9
154,1,0,0,0,0
154,2,1,1,9,9
154,3,1,1,9,9
154,4,0,0,0,0
156,0,1,1,9,9
156,1,1,1,9,9
156,2,1,1,9,9
156,3,1,1,9,9
156,4,0,0,0,0
372,0,1,1,9,9
372,1,1,2,9,9
372,2,1,1,9,9
372,3,1,1,9,9
372,4,0,0,0,0
384,0,1,1,9,9
384,1,1,1,9,9
384,2,1,1,9,9
384,3,1,1,9,9
384,4,0,0,0,0
398,0,2,2,9,10
398,1,1,1,9,9
398,2,1,1,9,9
398,3,1,1,9,9
398,4,0,0,0,0
400,0,2,2,9,10
400,1,1,1,9,9
400,2,2,2,9,10
400,3,1,1,9,9
400,4,0,0,0,0
414,0,2,2,9,10
414,1,1,2,9,9
414,2,2,2,9,10
414,3,1,1,9,9
414,4,0,0,0,0
415,0,2,2,9,10
415,1,1,1,9,9
415,2,2,2,9,10
415,3,1,1,9,9
415,4,0,0,0,0
425,0,3,3,9,11
425,1,1,1,9,9
425,2,2,2,9,10
425,3,1,1,9,9
425,4,0,0,0,0
431,0,3,3,9,11
431,1,1,1,9,9
431,2,3,2,9,11
431,3,1,1,9,9
431,4,0,0,0,0
432,0,3,3,9,11
432,1,1,2,9,9
432,2,3,2,9,11
432,3,1,1,9,9
432,4,0,0,0,0
436,0,3,3,9,11
436,1,1,1,9,9
436,2,3,2,9,11
436,3,1,1,9,9
436,4,0,0,0,0
457,0,3,3,9,11
457,1,1,2,9,9
457,2,3,2,9,11
457,3,1,1,9,9
457,4,0,0,0,0
460,0,3,3,9,11
460,1,1,1,9,9
460,2,3,2,9,11
460,3,1,1,9,9
460,4,0,0,0,0
467,0,3,3,9,11
467,1,1,2,9,9
467,2,3,2,9,11
467,3,1,1,9,9
467,4,0,0,0,0
471,0,3,3,9,11
471,1,1,1,9,9
471,2,3,2,9,11
471,3,1,1,9,9
471,4,0,0,0,0
489,0,3,3,9,11
489,1,1,2,9,9
489,2,3,2,9,11
489,3,1,1,9,9
489,4,0,0,0,0
491,0,3,3,9,11
491,1,1,1,9,9
491,2,3,2,9,11
491,3,1,1,9,9
491,4,0,0,0,0
496,0,3,3,9,11
496,1,1,2,9,9
496,2,3,2,9,11
496,3,1,1,9,9
496,4,0,0,0,0
497,0,3,3,9,11
497,1,1,1,9,9
497,2,3,2,9,11
497,3,1,1,9,9
497,4,0,0,0,0
515,0,3,3,9,11
515,1,1,1,9,9
515,2,3,2,9,11
515,3,1,2,9,9
515,4,0,0,0,0
534,0,3,3,9,11
534,1,1,2,9,9
534,2,3,2,9,11
534,3,1,2,9,9
534,4,0,0,0,0
562,0,3,3,9,11
562,1,1,2,9,9
562,2,3,2,9,11
562,3,1,1,9,9
562,4,0,0,0,0
565,0,3,3,9,11
565,1,1,1,9,9
565,2,3,2,9,11
565,3,1,1,9,9
565,4,0,0,0,0
573,0,3,3,9,11
573,1,1,1,9,9
573,2,3,2,9,11
573,3,1,2,9,9
573,4,0,0,0,0
592,0,3,3,9,11
592,1,1,2,9,9
592,2,3,2,9,11
592,3,1,2,9,9
592,4,0,0,0,0
616,0,3,3,9,11
616,1,1,2,9,9
616,2,3,2,9,11
616,3,1,1,9,9
616,4,0,0,0,0
621,0,3,3,9,11
621,1,1,2,9,9
621,2,3,2,9,11
621,3,1,2,9,9
621,4,0,0,0,0
657,0,3,3,9,11
657,1,1,2,9,9
657,2,3,2,9,11
657,3,1,1,9,9
657,4,0,0,0,0
658,0,3,3,9,11
658,1,1,1,9,9
658,2,3,2,9,11
658,3,1,1,9,9
658,4,0,0,0,0
663,0,3,3,9,11
663,1,1,2,9,9
663,2,3,2,9,11
663,3,3,2,9,11
663,4,0,0,0,0
672,0,3,3,9,11
672,1,1,1,9,9
672,2,3,2,9,11
672,3,3,2,9,11
672,4,0,0,0,0
748,0,3,3,9,11
748,1,1,2,9,9
748,2,3,2,9,11
748,3,3,2,9,11
748,4,0,0,0,0
758,0,3,3,9,11
758,1,1,1,9,9
758,2,3,2,9,11
758,3,3,2,9,11
758,4,0,0,0,0
781,0,3,3,9,11
781,1,1,1,9,9
781,2,3,3,9,11
781,3,3,3,9,11
781,4,0,0,0,0
802,0,3,3,9,11
802,1,1,2,9,9
802,2,3,3,9,11
802,3,3,3,9,11
802,4,0,0,0,0
811,0,3,3,9,11
811,1,1,1,9,9
811,2,3,3,9,11
811,3,3,3,9,11
811,4,0,0,0,0
821,0,3,3,9,11
821,1,1,2,9,9
821,2,3,3,9,11
821,3,3,3,9,11
821,4,0,0,0,0
833,0,3,3,9,11
833,1,1,1,9,9
833,2,3,3,9,11
833,3,3,3,9,11
833,4,0,0,0,0
839,0,3,3,9,11
839,1,1,1,9,9
839,2,3,3,9,11
839,3,3,3,9,11
839,4,2,2,10,10
844,0,3,3,9,11
844,1,2,2,10,10
844,2,3,3,9,11
844,3,3,3,9,11
844,4,2,2,10,10
1007,0,3,3,9,11
1007,1,2,3,10,10
1007,2,3,3,9,11
1007,3,3,3,9,11
1007,4,2,2,10,10
1017,0,3,3,9,11
1017,1,2,2,10,10
1017,2,3,3,9,11
1017,3,3,3,9,11
1017,4,2,2,10,10
1023,0,3,3,9,11
1023,1,2,2,10,10
1023,2,3,3,9,11
1023,3,3,3,10,11
1023,4,2,2,10,10
1083,0,3,3,9,11
1083,1,2,2,10,10
1083,2,3,3,9,11
1083,3,3,4,10,11
1083,4,2,2,10,10
1133,0,3,3,9,11
1133,1,2,3,10,10
1133,2,3,3,9,11
1133,3,3,4,10,11
1133,4,2,2,10,10
1160,0,3,3,9,11
1160,1,2,2,10,10
1160,2,3,3,9,11
1160,3,3,4,10,11
1160,4,2,2,10,10
1183,0,4,4,11,12
1183,1,2,2,10,10
1183,2,3,3,9,11
1183,3,3,4,10,11
1183,4,2,2,10,10
1186,0,4,4,11,12
1186,1,2,2,10,10
1186,2,4,4,11,12
1186,3,3,4,10,11
1186,4,2,2,10,10
1187,0,4,4,11,12
1187,1,2,2,10,10
1187,2,4,4,11,12
1187,3,3,3,10,11
1187,4,2,2,10,10
1192,0,4,4,11,12
1192,1,2,2,10,10
1192,2,4,4,11,12
1192,3,3,4,10,11
1192,4,2,2,10,10
1216,0,5,5,11,13
1216,1,2,2,10,10
1216,2,4,4,11,12
1216,3,3,4,10,11
1216,4,2,2,10,10
1220,0,5,5,11,13
1220,1,2,2,10,10
1220,2,4,4,11,12
1220,3,3,3,10,11
1220,4,2,2,10,10
1222,0,5,5,11,13
1222,1,2,2,10,10
1222,2,5,4,11,13
1222,3,3,3,10,11
1222,4,2,2,10,10
1243,0,5,5,11,13
1243,1,2,3,10,10
1243,2,5,4,11,13
1243,3,3,3,10,11
1243,4,2,2,10,10
1250,0,5,5,11,13
1250,1,2,3,10,10
1250,2,5,4,11,13
1250,3,3,4,10,11
1250,4,2,2,10,10
1263,0,5,5,11,13
1263,1,2,2,10,10
1263,2,5,4,11,13
1263,3,3,4,10,11
1263,4,2,2,10,10
1265,0,5,5,11,13
1265,1,2,2,10,10
1265,2,5,4,11,13
1265,3,3,3,10,11
1265,4,2,2,10,10
1272,0,5,5,11,13
1272,1,2,2,10,10
1272,2,5,4,11,13
1272,3,4,4,10,12
1272,4,2,2,10,10
1274,0,5,5,11,13
1274,1,2,3,10,10
1274,2,5,4,11,13
1274,3,4,4,10,12
1274,4,2,2,10,10
1284,0,5,5,11,13
1284,1,2,3,10,10
1284,2,5,4,11,13
1284,3,4,4,10,12
1284,4,3,3,11,11
1438,0,5,5,11,13
1438,1,2,3,10,10
1438,2,5,5,11,13
1438,3,4,4,10,12
1438,4,3,3,11,11
1439,0,5,5,11,13
1439,1,2,3,10,10
1439,2,5,5,11,13
1439,3,4,5,10,12
1439,4,3,3,11,11
1553,0,5,5,11,13
1553,1,3,3,11,11
1553,2,5,5,11,13
1553,3,4,5,10,12
1553,4,3,3,11,11
1671,0,5,5,11,13
1671,1,3,4,11,11
1671,2,5,5,11,13
1671,3,4,5,10,12
1671,4,3,3,11,11
1699,0,5,5,11,13
1699,1,3,3,11,11
1699,2,5,5,11,13
1699,3,4,5,10,12
1699,4,3,3,11,11
1709,0,5,5,11,13
1709,1,3,3,11,11
1709,2,5,5,11,13
1709,3,4,6,10,12
1709,4,3,3,11,11
1730,0,5,5,11,13
1730,1,3,4,11,11
1730,2,5,5,11,13
1730,3,4,6,10,12
1730,4,3,3,11,11
1756,0,5,5,11,13
1756,1,3,3,11,11
1756,2,5,5,11,13
1756,3,4,6,10,12
1756,4,3,3,11,11
1769,0,5,5,11,13
1769,1,3,4,11,11
1769,2,5,5,11,13
1769,3,4,6,10,12
1769,4,3,3,11,11
1773,0,5,5,11,13
1773,1,3,3,11,11
1773,2,5,5,11,13
1773,3,4,6,10,12
1773,4,3,3,11,11
1784,0,5,5,11,13
1784,1,3,4,11,11
1784,2,5,5,11,13
1784,3,4,6,10,12
1784,4,3,3,11,11
1795,0,5,5,11,13
1795,1,3,3,11,11
1795,2,5,5,11,13
1795,3,4,6,10,12
1795,4,3,3,11,11
1797,0,5,5,11,13
1797,1,3,4,11,11
1797,2,5,5,11,13
1797,3,4,6,10,12
1797,4,3,3,11,11
1811,0,5,5,11,13
1811,1,4,4,12,12
1811,2,5,5,11,13
1811,3,4,6,10,12
1811,4,4,4,12,12
2018,0,5,5,11,13
2018,1,4,4,12,12
2018,2,5,5,11,13
2018,3,4,4,12,12
2018,4,4,4,12,12
2025,0,5,5,11,13
2025,1,4,5,12,12
2025,2,5,5,11,13
2025,3,4,4,12,12
2025,4,4,4,12,12
2031,0,5,5,11,13
2031,1,4,4,12,12
2031,2,5,5,11,13
2031,3,4,4,12,12
2031,4,4,4,12,12
2036,0,5,5,11,13
2036,1,4,4,12,12
2036,2,5,5,11,13
2036,3,5,4,12,13
2036,4,4,4,12,12
2039,0,5,5,11,13
2039,1,4,5,12,12
2039,2,5,5,11,13
2039,3,5,4,12,13
2039,4,4,4,12,12
2047,0,5,5,11,13
2047,1,4,4,12,12
2047,2,5,5,11,13
2047,3,5,4,12,13
2047,4,4,4,12,12
2050,0,5,5,11,13
2050,1,4,4,12,12
2050,2,5,5,11,13
2050,3,5,5,12,13
2050,4,4,4,12,12
2051,0,5,5,11,13
2051,1,4,4,12,12
2051,2,6,6,13,14
2051,3,5,5,12,13
2051,4,4,4,12,12
2053,0,6,6,12,14
2053,1,4,4,12,12
2053,2,6,6,13,14
2053,3,5,5,12,13
2053,4,4,4,12,12
2074,0,6,6,12,14
2074,1,4,4,12,12
2074,2,7,6,13,15
2074,3,5,5,12,13
2074,4,4,4,12,12
2087,0,7,7,12,15
2087,1,4,4,12,12
2087,2,7,6,13,15
2087,3,5,5,12,13
2087,4,4,4,12,12
2089,0,7,7,12,15
2089,1,4,4,12,12
2089,2,7,6,13,15
2089,3,7,5,12,15
2089,4,4,4,12,12
2098,0,7,7,12,15
2098,1,4,4,12,12
2098,2,7,6,13,15
2098,3,7,7,12,15
2098,4,4,4,12,12
2099,0,7,7,12,15
2099,1,4,4,12,12
2099,2,7,7,13,15
2099,3,7,7,12,15
2099,4,4,4,12,12
2227,0,7,7,12,15
2227,1,4,5,12,12
2227,2,7,7,13,15
2227,3,7,7,12,15
2227,4,4,4,12,12
2248,0,7,7,12,15
2248,1,4,4,12,12
2248,2,7,7,13,15
2248,3,7,7,12,15
2248,4,4,4,12,12
2278,0,7,7,12,15
2278,1,4,5,12,12
2278,2,7,7,13,15
2278,3,7,7,12,15
2278,4,4,4,12,12
2295,0,7,7,12,15
2295,1,4,4,12,12
2295,2,7,7,13,15
2295,3,7,7,12,15
2295,4,4,4,12,12
2299,0,7,7,12,15
2299,1,4,5,12,12
2299,2,7,7,13,15
2299,3,7,7,12,15
2299,4,4,4,12,12
2317,0,7,7,12,15
2317,1,4,4,12,12
2317,2,7,7,13,15
2317,3,7,7,12,15
2317,4,4,4,12,12
2332,0,7,7,12,15
2332,1,4,5,12,12
2332,2,7,7,13,15
2332,3,7,7,12,15
2332,4,4,4,12,12
2356,0,7,7,12,15
2356,1,4,4,12,12
2356,2,7,7,13,15
2356,3,7,7,12,15
2356,4,4,4,12,12
2361,0,7,7,12,15
2361,1,4,5,12,12
2361,2,7,7,13,15
2361,3,7,7,12,15
2361,4,4,4,12,12
2363,0,7,7,12,15
2363,1,4,4,12,12
2363,2,7,7,13,15
2363,3,7,7,12,15
2363,4,4,4,12,12
2374,0,7,7,12,15
2374,1,4,5,12,12
2374,2,7,7,13,15
2374,3,7,7,12,15
2374,4,4,4,12,12
2381,0,7,7,12,15
2381,1,4,5,12,12
2381,2,7,7,13,15
2381,3,7,7,12,15
2381,4,5,5,13,13
2556,0,7,7,12,15
2556,1,5,5,13,13
2556,2,7,7,13,15
2556,3,7,7,12,15
2556,4,5,5,13,13
2673,0,7,7,12,15
2673,1,5,6,13,13
2673,2,7,7,13,15
2673,3,7,7,12,15
2673,4,5,5,13,13
2681,0,7,7,12,15
2681,1,5,5,13,13
2681,2,7,7,13,15
2681,3,7,7,12,15
2681,4,5,5,13,13
2734,0,7,7,12,15
2734,1,5,6,13,13
2734,2,7,7,13,15
2734,3,7,7,12,15
2734,4,5,5,13,13
2747,0,7,7,12,15
2747,1,5,5,13,13
2747,2,7,7,13,15
2747,3,7,7,12,15
2747,4,5,5,13,13
2772,0,7,7,12,15
2772,1,5,5,13,13
2772,2,7,7,13,15
2772,3,7,7,12,15
2772,4,6,6,14,14
2779,0,7,7,12,15
2779,1,6,6,14,14
2779,2,7,7,13,15
2779,3,7,7,12,15
2779,4,6,6,14,14
2867,0,7,7,12,15
2867,1,6,6,14,14
2867,2,7,7,15,15
2867,3,7,7,14,15
2867,4,6,6,14,14
2963,0,7,7,12,15
2963,1,6,6,14,14
2963,2,7,7,15,15
2963,3,7,8,14,15
2963,4,6,6,14,14
3043,0,7,7,12,15
3043,1,6,6,14,14
3043,2,7,7,15,15
3043,3,7,9,14,15
3043,4,6,6,14,14
3081,0,7,7,12,15
3081,1,6,7,14,14
3081,2,7,7,15,15
3081,3,7,9,14,15
3081,4,6,6,14,14
3093,0,7,7,12,15
3093,1,6,6,14,14
3093,2,7,7,15,15
3093,3,7,9,14,15
3093,4,6,6,14,14
3132,0,8,8,15,16
3132,1,6,6,14,14
3132,2,7,7,15,15
3132,3,7,9,14,15
3132,4,6,6,14,14
3136,0,8,8,15,16
3136,1,6,6,14,14
3136,2,8,8,15,16
3136,3,7,9,14,15
3136,4,6,6,14,14
3138,0,8,8,15,16
3138,1,6,6,14,14
3138,2,8,8,15,16
3138,3,7,10,14,15
3138,4,6,6,14,14
3239,0,8,8,15,16
3239,1,6,6,14,14
3239,2,8,8,15,16
3239,3,7,7,14,15
3239,4,6,6,14,14
3245,0,8,8,15,16
3245,1,6,7,14,14
3245,2,8,8,15,16
3245,3,7,7,14,15
3245,4,6,6,14,14
3246,0,8,8,15,16
3246,1,6,7,14,14
3246,2,8,8,15,16
3246,3,7,9,14,15
3246,4,6,6,14,14
3251,0,8,8,15,16
3251,1,6,7,14,14
3251,2,8,8,15,16
3251,3,8,9,14,16
3251,4,6,6,14,14
3255,0,8,8,15,16
3255,1,6,6,14,14
3255,2,8,8,15,16
3255,3,8,9,14,16
3255,4,6,6,14,14
3296,0,8,8,15,16
3296,1,6,6,14,14
3296,2,8,8,16,16
3296,3,8,9,14,16
3296,4,6,6,14,14
3321,0,8,8,15,16
3321,1,6,6,14,14
3321,2,8,8,16,16
3321,3,8,10,14,16
3321,4,6,6,14,14
3360,0,8,8,15,16
3360,1,7,7,15,15
3360,2,8,8,16,16
3360,3,8,10,14,16
3360,4,6,6,14,14
3367,0,8,8,15,16
3367,1,7,7,15,15
3367,2,8,8,16,16
3367,3,8,10,14,16
3367,4,7,7,15,15
3504,0,8,8,15,16
3504,1,7,7,15,15
3504,2,8,8,16,16
3504,3,8,11,14,16
3504,4,7,7,15,15
3585,0,8,8,15,16
3585,1,7,8,15,15
3585,2,8,8,16,16
3585,3,8,11,14,16
3585,4,7,7,15,15
3590,0,8,8,15,16
3590,1,7,7,15,15
3590,2,8,8,16,16
3590,3,8,11,14,16
3590,4,7,7,15,15
3597,0,8,8,15,16
3597,1,7,7,15,15
3597,2,8,8,16,16
3597,3,8,11,15,16
3597,4,7,7,15,15
3602,0,11,11,16,19
3602,1,7,7,15,15
3602,2,8,8,16,16
3602,3,8,11,15,16
3602,4,7,7,15,15
3604,0,11,11,16,19
3604,1,7,7,15,15
3604,2,11,11,16,19
3604,3,8,11,15,16
3604,4,7,7,15,15
3639,0,12,12,16,20
3639,1,7,7,15,15
3639,2,11,11,16,19
3639,3,8,11,15,16
3639,4,7,7,15,15
3641,0,12,12,16,20
3641,1,7,7,15,15
3641,2,12,11,16,20
3641,3,8,11,15,16
3641,4,7,7,15,15
3718,0,12,12,16,20
3718,1,7,8,15,15
3718,2,12,11,16,20
3718,3,8,11,15,16
3718,4,7,7,15,15
3727,0,12,12,16,20
3727,1,7,7,15,15
3727,2,12,11,16,20
3727,3,8,11,15,16
3727,4,7,7,15,15
3764,0,12,12,16,20
3764,1,7,8,15,15
3764,2,12,11,16,20
3764,3,8,11,15,16
3764,4,7,7,15,15
3776,0,12,12,16,20
3776,1,7,7,15,15
3776,2,12,11,16,20
3776,3,8,11,15,16
3776,4,7,7,15,15
3789,0,12,12,16,20
3789,1,7,8,15,15
3789,2,12,11,16,20
3789,3,8,11,15,16
3789,4,7,7,15,15
3802,0,12,12,16,20
3802,1,7,7,15,15
3802,2,12,11,16,20
3802,3,8,11,15,16
3802,4,7,7,15,15
3811,0,12,12,16,20
3811,1,7,8,15,15
3811,2,12,11,16,20
3811,3,8,11,15,16
3811,4,7,7,15,15
3826,0,12,12,16,20
3826,1,7,7,15,15
3826,2,12,11,16,20
3826,3,8,11,15,16
3826,4,7,7,15,15
3830,0,12,12,16,20
3830,1,7,7,15,15
3830,2,12,12,16,20
3830,3,8,12,15,16
3830,4,7,7,15,15
3836,0,12,12,16,20
3836,1,7,8,15,15
3836,2,12,12,16,20
3836,3,8,12,15,16
3836,4,7,7,15,15
3844,0,12,12,16,20
3844,1,7,7,15,15
3844,2,12,12,16,20
3844,3,8,12,15,16
3844,4,7,7,15,15
3845,0,12,12,16,20
3845,1,7,7,15,15
3845,2,12,12,16,20
3845,3,11,12,15,19
3845,4,7,7,15,15
3848,0,12,12,16,20
3848,1,7,7,15,15
3848,2,12,12,16,20
3848,3,12,12,15,20
3848,4,7,7,15,15
3850,0,12,12,16,20
3850,1,7,8,15,15
3850,2,12,12,16,20
3850,3,12,12,15,20
3850,4,7,7,15,15
3855,0,12,12,16,20
3855,1,7,8,15,15
3855,2,12,12,16,20
3855,3,12,12,15,20
3855,4,8,8,16,16
3872,0,12,12,16,20
3872,1,8,8,16,16
3872,2,12,12,16,20
3872,3,12,12,15,20
3872,4,8,8,16,16
4120,0,12,12,16,20
4120,1,8,9,16,16
4120,2,12,12,16,20
4120,3,12,12,15,20
4120,4,8,8,16,16
4121,0,12,12,16,20
4121,1,8,9,16,16
4121,2,12,12,16,20
4121,3,12,13,15,20
4121,4,8,8,16,16
4122,0,12,12,16,20
4122,1,8,8,16,16
4122,2,12,12,16,20
4122,3,12,13,15,20
4122,4,8,8,16,16
4253,0,12,12,16,20
4253,1,8,9,16,16
4253,2,12,12,16,20
4253,3,12,13,16,20
4253,4,8,8,16,16
4264,0,12,12,16,20
4264,1,8,8,16,16
4264,2,12,12,16,20
4264,3,12,13,16,20
4264,4,8,8,16,16
4311,0,12,12,16,20
4311,1,8,9,16,16
4311,2,12,12,16,20
4311,3,12,13,16,20
4311,4,8,8,16,16
4336,0,12,12,16,20
4336,1,8,8,16,16
4336,2,12,12,16,20
4336,3,12,13,16,20
4336,4,8,8,16,16
4353,0,12,12,16,20
4353,1,8,9,16,16
4353,2,12,12,16,20
4353,3,12,13,16,20
4353,4,8,8,16,16
4368,0,12,12,16,20
4368,1,8,8,16,16
4368,2,12,12,16,20
4368,3,12,13,16,20
4368,4,8,8,16,16
4374,0,12,12,16,20
4374,1,8,9,16,16
4374,2,12,12,16,20
4374,3,12,13,16,20
4374,4,8,8,16,16
4389,0,12,12,16,20
4389,1,8,9,16,16
4389,2,12,12,16,20
4389,3,12,13,16,20
4389,4,9,9,17,17
4406,0,12,12,16,20
4406,1,9,9,17,17
4406,2,12,12,16,20
4406,3,12,13,16,20
4406,4,9,9,17,17
4411,0,12,12,16,20
4411,1,9,9,17,17
4411,2,12,12,16,20
4411,3,12,14,17,20
4411,4,9,9,17,17
4413,0,12,12,16,20
4413,1,9,9,17,17
4413,2,12,12,20,20
4413,3,12,14,17,20
4413,4,9,9,17,17
4643,0,12,12,16,20
4643,1,9,10,17,17
4643,2,12,12,20,20
4643,3,12,14,17,20
4643,4,9,9,17,17
4654,0,12,12,16,20
4654,1,9,9,17,17
4654,2,12,12,20,20
4654,3,12,14,17,20
4654,4,9,9,17,17
4729,0,12,12,16,20
4729,1,9,9,17,17
4729,2,12,12,20,20
4729,3,12,15,17,20
4729,4,9,9,17,17
4802,0,12,12,16,20
4802,1,9,9,17,17
4802,2,12,12,20,20
4802,3,12,15,17,20
4802,4,10,10,18,18
4923,0,12,12,16,20
4923,1,10,11,18,18
4923,2,12,12,20,20
4923,3,12,15,17,20
4923,4,10,10,18,18
4927,0,12,12,16,20
4927,1,10,10,18,18
4927,2,12,12,20,20
4927,3,12,15,17,20
4927,4,10,10,18,18
4933,0,12,12,16,20
4933,1,10,10,18,18
4933,2,12,12,20,20
4933,3,12,15,18,20
4933,4,10,10,18,18
5054,0,12,12,16,20
5054,1,10,10,18,18
5054,2,12,12,20,20
5054,3,12,15,18,20
5054,4,11,11,19,19
5190,0,12,12,16,20
5190,1,10,10,18,18
5190,2,12,12,20,20
5190,3,12,15,19,20
5190,4,11,11,19,19
5208,0,12,12,16,20
5208,1,11,11,19,19
5208,2,12,12,20,20
5208,3,12,15,19,20
5208,4,11,11,19,19
5229,0,13,13,20,21
5229,1,11,11,19,19
5229,2,12,12,20,20
5229,3,12,15,19,20
5229,4,11,11,19,19
5233,0,13,13,20,21
5233,1,11,11,19,19
5233,2,13,13,20,21
5233,3,12,15,19,20
5233,4,11,11,19,19
5242,0,14,14,20,22
5242,1,11,11,19,19
5242,2,13,13,20,21
5242,3,12,15,19,20
5242,4,11,11,19,19
5245,0,14,14,20,22
5245,1,11,11,19,19
5245,2,14,14,20,22
5245,3,12,15,19,20
5245,4,11,11,19,19
5271,0,14,14,20,22
5271,1,11,12,19,19
5271,2,14,14,20,22
5271,3,12,15,19,20
5271,4,11,11,19,19
5280,0,14,14,20,22
5280,1,11,11,19,19
5280,2,14,14,20,22
5280,3,12,15,19,20
5280,4,11,11,19,19
5284,0,14,14,20,22
5284,1,11,11,19,19
5284,2,14,14,20,22
5284,3,12,12,19,20
5284,4,11,11,19,19
5289,0,14,14,20,22
5289,1,11,11,19,19
5289,2,14,14,20,22
5289,3,12,13,19,20
5289,4,11,11,19,19
5304,0,14,14,20,22
5304,1,11,11,19,19
5304,2,14,14,20,22
5304,3,12,12,19,20
5304,4,11,11,19,19
5308,0,14,14,20,22
5308,1,11,11,19,19
5308,2,14,14,20,22
5308,3,13,13,19,21
5308,4,11,11,19,19
5312,0,15,15,20,23
5312,1,11,11,19,19
5312,2,14,14,20,22
5312,3,13,13,19,21
5312,4,11,11,19,19
5315,0,15,15,20,23
5315,1,11,11,19,19
5315,2,14,14,20,22
5315,3,15,13,19,23
5315,4,11,11,19,19
5318,0,15,15,20,23
5318,1,11,12,19,19
5318,2,14,14,20,22
5318,3,15,13,19,23
5318,4,11,11,19,19
5321,0,15,15,20,23
5321,1,11,11,19,19
5321,2,14,14,20,22
5321,3,15,13,19,23
5321,4,11,11,19,19
5331,0,15,15,20,23
5331,1,11,12,19,19
5331,2,14,14,20,22
5331,3,15,13,19,23
5331,4,11,11,19,19
5346,0,15,15,20,23
5346,1,11,12,19,19
5346,2,14,14,20,22
5346,3,15,13,19,23
5346,4,12,12,20,20
5351,0,15,15,20,23
5351,1,12,12,20,20
5351,2,14,14,20,22
5351,3,15,13,19,23
5351,4,12,12,20,20
5564,0,15,15,20,23
5564,1,12,12,20,20
5564,2,14,14,20,22
5564,3,15,16,19,23
5564,4,12,12,20,20
5588,0,15,15,20,23
5588,1,12,13,20,20
5588,2,14,14,20,22
5588,3,15,16,19,23
5588,4,12,12,20,20
5597,0,15,15,20,23
5597,1,12,12,20,20
5597,2,14,14,20,22
5597,3,15,16,19,23
5597,4,12,12,20,20
5678,0,15,15,20,23
5678,1,12,13,20,20
5678,2,14,14,20,22
5678,3,15,16,19,23
5678,4,12,12,20,20
5687,0,15,15,20,23
5687,1,12,12,20,20
5687,2,14,14,20,22
5687,3,15,16,19,23
5687,4,12,12,20,20
5688,0,15,15,20,23
5688,1,12,12,20,20
5688,2,14,14,20,22
5688,3,15,15,19,23
5688,4,12,12,20,20
5690,0,15,15,20,23
5690,1,12,12,20,20
5690,2,14,14,20,22
5690,3,15,16,19,23
5690,4,12,12,20,20
5730,0,15,15,20,23
5730,1,12,13,20,20
5730,2,14,14,20,22
5730,3,15,16,19,23
5730,4,12,12,20,20
5745,0,15,15,20,23
5745,1,12,13,20,20
5745,2,14,14,20,22
5745,3,15,16,19,23
5745,4,13,13,21,21
5830,0,15,15,20,23
5830,1,12,13,20,20
5830,2,14,14,20,22
5830,3,15,16,20,23
5830,4,13,13,21,21
5832,0,15,15,20,23
5832,1,13,13,21,21
5832,2,14,14,20,22
5832,3,15,16,20,23
5832,4,13,13,21,21
5909,0,15,15,20,23
5909,1,13,13,21,21
5909,2,14,14,20,22
5909,3,15,17,20,23
5909,4,13,13,21,21
6038,0,15,15,20,23
6038,1,13,14,21,21
6038,2,14,14,20,22
6038,3,15,17,20,23
6038,4,13,13,21,21
6043,0,15,15,20,23
6043,1,13,13,21,21
6043,2,14,14,20,22
6043,3,15,17,20,23
6043,4,13,13,21,21
6124,0,15,15,20,23
6124,1,13,13,21,21
6124,2,14,14,20,22
6124,3,15,18,20,23
6124,4,13,13,21,21
6125,0,15,15,20,23
6125,1,13,13,21,21
6125,2,15,15,23,23
6125,3,15,18,20,23
6125,4,13,13,21,21
6127,0,15,15,20,23
6127,1,13,13,21,21
6127,2,15,15,23,23
6127,3,15,18,21,23
6127,4,13,13,21,21
6137,0,16,16,21,24
6137,1,13,13,21,21
6137,2,15,15,23,23
6137,3,15,18,21,23
6137,4,13,13,21,21
6139,0,16,16,21,24
6139,1,13,13,21,21
6139,2,15,15,23,23
6139,3,16,18,21,24
6139,4,13,13,21,21
6140,0,16,16,21,24
6140,1,13,14,21,21
6140,2,15,15,23,23
6140,3,16,18,21,24
6140,4,13,13,21,21
6153,0,16,16,21,24
6153,1,13,13,21,21
6153,2,15,15,23,23
6153,3,16,18,21,24
6153,4,13,13,21,21
6209,0,16,16,21,24
6209,1,13,14,21,21
6209,2,15,15,23,23
6209,3,16,18,21,24
6209,4,13,13,21,21
6212,0,16,16,21,24
6212,1,13,13,21,21
6212,2,15,15,23,23
6212,3,16,18,21,24
6212,4,13,13,21,21
6222,0,16,16,21,24
6222,1,13,14,21,21
6222,2,15,15,23,23
6222,3,16,18,21,24
6222,4,13,13,21,21
6232,0,16,16,21,24
6232,1,13,14,21,21
6232,2,15,15,23,23
6232,3,16,16,21,24
6232,4,13,13,21,21
6234,0,16,16,21,24
6234,1,13,13,21,21
6234,2,15,15,23,23
6234,3,16,16,21,24
6234,4,13,13,21,21
6238,0,16,16,21,24
6238,1,13,13,21,21
6238,2,15,15,23,23
6238,3,16,18,21,24
6238,4,13,13,21,21
6242,0,16,16,21,24
6242,1,13,13,21,21
6242,2,15,15,23,23
6242,3,16,16,21,24
6242,4,13,13,21,21
6246,0,16,16,21,24
6246,1,13,14,21,21
6246,2,15,15,23,23
6246,3,16,16,21,24
6246,4,13,13,21,21
6257,0,16,16,21,24
6257,1,13,14,21,21
6257,2,15,15,23,23
6257,3,16,17,21,24
6257,4,13,13,21,21
6265,0,16,16,21,24
6265,1,13,13,21,21
6265,2,15,15,23,23
6265,3,16,17,21,24
6265,4,13,13,21,21
6269,0,16,16,21,24
6269,1,13,13,21,21
6269,2,16,16,24,24
6269,3,16,17,21,24
6269,4,13,13,21,21
6271,0,16,16,21,24
6271,1,13,13,21,21
6271,2,16,16,24,24
6271,3,16,18,21,24
6271,4,13,13,21,21
6281,0,16,16,21,24
6281,1,13,14,21,21
6281,2,16,16,24,24
6281,3,16,18,21,24
6281,4,13,13,21,21
6287,0,16,16,21,24
6287,1,13,13,21,21
6287,2,16,16,24,24
6287,3,16,18,21,24
6287,4,13,13,21,21
6289,0,16,16,21,24
6289,1,13,14,21,21
6289,2,16,16,24,24
6289,3,16,18,21,24
6289,4,13,13,21,21
6305,0,16,16,21,24
6305,1,13,14,21,21
6305,2,16,16,24,24
6305,3,16,18,21,24
6305,4,14,14,22,22
6307,0,16,16,21,24
6307,1,14,14,22,22
6307,2,16,16,24,24
6307,3,16,18,21,24
6307,4,14,14,22,22
6525,0,16,16,21,24
6525,1,14,15,22,22
6525,2,16,16,24,24
6525,3,16,18,21,24
6525,4,14,14,22,22
6537,0,16,16,21,24
6537,1,14,14,22,22
6537,2,16,16,24,24
6537,3,16,18,21,24
6537,4,14,14,22,22
6614,0,16,16,21,24
6614,1,14,14,22,22
6614,2,16,16,24,24
6614,3,16,19,21,24
6614,4,14,14,22,22
6618,0,16,16,21,24
6618,1,14,15,22,22
6618,2,16,16,24,24
6618,3,16,19,21,24
6618,4,14,14,22,22
6621,0,16,16,21,24
6621,1,14,15,22,22
6621,2,16,16,24,24
6621,3,16,19,22,24
6621,4,14,14,22,22
6623,0,16,16,21,24
6623,1,14,14,22,22
6623,2,16,16,24,24
6623,3,16,19,22,24
6623,4,14,14,22,22
6685,0,16,16,21,24
6685,1,14,15,22,22
6685,2,16,16,24,24
6685,3,16,19,22,24
6685,4,14,14,22,22
6698,0,16,16,21,24
6698,1,14,14,22,22
6698,2,16,16,24,24
6698,3,16,19,22,24
6698,4,14,14,22,22
6722,0,16,16,21,24
6722,1,14,15,22,22
6722,2,16,16,24,24
6722,3,16,19,22,24
6722,4,14,14,22,22
6725,0,16,16,21,24
6725,1,14,14,22,22
6725,2,16,16,24,24
6725,3,16,19,22,24
6725,4,14,14,22,22
6730,0,16,16,21,24
6730,1,14,15,22,22
6730,2,16,16,24,24
6730,3,16,19,22,24
6730,4,15,15,23,23
6739,0,16,16,21,24
6739,1,15,15,23,23
6739,2,16,16,24,24
6739,3,16,19,22,24
6739,4,15,15,23,23
6897,0,16,16,21,24
6897,1,15,15,23,23
6897,2,16,16,24,24
6897,3,16,20,22,24
6897,4,15,15,23,23
7009,0,16,16,21,24
7009,1,15,15,23,23
7009,2,16,16,24,24
7009,3,16,20,23,24
7009,4,15,15,23,23
7011,0,16,16,21,24
7011,1,15,16,23,23
7011,2,16,16,24,24
7011,3,16,20,23,24
7011,4,15,15,23,23
7018,0,16,16,21,24
7018,1,15,15,23,23
7018,2,16,16,24,24
7018,3,16,20,23,24
7018,4,15,15,23,23
7154,0,16,16,21,24
7154,1,15,16,23,23
7154,2,16,16,24,24
7154,3,16,20,23,24
7154,4,15,15,23,23
7163,0,16,16,21,24
7163,1,15,15,23,23
7163,2,16,16,24,24
7163,3,16,20,23,24
7163,4,15,15,23,23
7190,0,16,16,21,24
7190,1,15,15,23,23
7190,2,16,16,24,24
7190,3,16,21,23,24
7190,4,15,15,23,23
7216,0,16,16,21,24
7216,1,15,16,23,23
7216,2,16,16,24,24
7216,3,16,21,23,24
7216,4,15,15,23,23
7287,0,17,17,24,25
7287,1,15,16,23,23
7287,2,16,16,24,24
7287,3,16,21,23,24
7287,4,15,15,23,23
7296,0,17,17,24,25
7296,1,15,16,23,23
7296,2,16,16,24,24
7296,3,16,16,23,24
7296,4,15,15,23,23
7297,0,17,17,24,25
7297,1,15,16,23,23
7297,2,16,16,24,24
7297,3,16,16,23,24
7297,4,16,16,24,24
7433,0,19,19,24,27
7433,1,15,16,23,23
7433,2,16,16,24,24
7433,3,16,16,23,24
7433,4,16,16,24,24
7732,0,19,19,24,27
7732,1,15,16,23,23
7732,2,19,19,24,27
7732,3,16,21,23,24
7732,4,16,16,24,24
7733,0,19,19,24,27
7733,1,16,17,24,24
7733,2,19,19,24,27
7733,3,16,21,23,24
7733,4,16,16,24,24
7736,0,19,19,24,27
7736,1,16,17,24,24
7736,2,19,19,24,27
7736,3,16,16,24,24
7736,4,16,16,24,24
7738,0,19,19,24,27
7738,1,16,16,24,24
7738,2,19,19,24,27
7738,3,16,16,24,24
7738,4,16,16,24,24
7745,0,19,19,24,27
7745,1,16,16,24,24
7745,2,19,19,24,27
7745,3,19,21,24,27
7745,4,16,16,24,24
7747,0,19,19,24,27
7747,1,16,17,24,24
7747,2,19,19,24,27
7747,3,19,21,24,27
7747,4,16,16,24,24
7770,0,19,19,24,27
7770,1,16,16,24,24
7770,2,19,19,24,27
7770,3,19,21,24,27
7770,4,16,16,24,24
7917,0,19,19,24,27
7917,1,16,17,24,24
7917,2,19,19,24,27
7917,3,19,21,24,27
7917,4,16,16,24,24
7932,0,19,19,24,27
7932,1,16,16,24,24
7932,2,19,19,24,27
7932,3,19,21,24,27
7932,4,16,16,24,24
7969,0,19,19,24,27
7969,1,16,16,24,24
7969,2,19,19,24,27
7969,3,19,19,24,27
7969,4,16,16,24,24
7973,0,19,19,24,27
7973,1,16,16,24,24
7973,2,19,19,24,27
7973,3,19,19,24,27
7973,4,17,17,25,25
7975,0,19,19,24,27
7975,1,16,17,24,24
7975,2,19,19,24,27
7975,3,19,19,24,27
7975,4,17,17,25,25
7985,0,19,19,24,27
7985,1,17,17,25,25
7985,2,19,19,24,27
7985,3,19,19,24,27
7985,4,17,17,25,25
8023,0,19,19,24,27
8023,1,17,18,25,25
8023,2,19,19,24,27
8023,3,19,19,24,27
8023,4,17,17,25,25
8042,0,19,19,24,27
8042,1,18,18,26,26
8042,2,19,19,24,27
8042,3,19,19,24,27
8042,4,17,17,25,25
8043,0,19,19,24,27
8043,1,18,18,26,26
8043,2,19,19,24,27
8043,3,19,19,24,27
8043,4,18,18,26,26
8087,0,19,19,24,27
8087,1,18,18,26,26
8087,2,19,19,27,27
8087,3,19,22,24,27
8087,4,18,18,26,26
8090,0,19,19,24,27
8090,1,18,18,26,26
8090,2,19,19,27,27
8090,3,19,22,26,27
8090,4,18,18,26,26
8316,0,20,23,27,28
8316,1,18,18,26,26
8316,2,19,19,27,27
8316,3,19,22,26,27
8316,4,18,18,26,26
8319,0,20,23,27,28
8319,1,18,18,26,26
8319,2,19,19,27,27
8319,3,19,19,26,27
8319,4,18,18,26,26
8324,0,20,23,27,28
8324,1,18,18,26,26
8324,2,20,20,27,28
8324,3,19,19,26,27
8324,4,18,18,26,26
8337,0,22,22,27,30
8337,1,18,18,26,26
8337,2,20,20,27,28
8337,3,19,19,26,27
8337,4,18,18,26,26
8339,0,22,22,27,30
8339,1,18,18,26,26
8339,2,22,22,27,30
8339,3,19,19,26,27
8339,4,18,18,26,26
8416,0,22,22,27,30
8416,1,18,18,26,26
8416,2,22,22,27,30
8416,3,19,23,26,27
8416,4,18,18,26,26
8427,0,22,22,27,30
8427,1,18,19,26,26
8427,2,22,22,27,30
8427,3,20,20,26,28
8427,4,18,18,26,26
8434,0,22,22,27,30
8434,1,18,19,26,26
8434,2,22,22,27,30
8434,3,21,21,26,29
8434,4,18,18,26,26
8438,0,22,22,27,30
8438,1,18,18,26,26
8438,2,22,22,27,30
8438,3,21,21,26,29
8438,4,18,18,26,26
8440,0,22,22,27,30
8440,1,18,18,26,26
8440,2,22,22,27,30
8440,3,22,23,26,30
8440,4,18,18,26,26
8477,0,22,22,27,30
8477,1,18,19,26,26
8477,2,22,22,27,30
8477,3,22,23,26,30
8477,4,18,18,26,26
8488,0,22,22,27,30
8488,1,18,18,26,26
8488,2,22,22,27,30
8488,3,22,23,26,30
8488,4,18,18,26,26
8533,0,22,22,27,30
8533,1,18,18,26,26
8533,2,22,22,27,30
8533,3,22,22,26,30
8533,4,18,18,26,26
8536,0,22,22,27,30
8536,1,18,19,26,26
8536,2,22,22,27,30
8536,3,22,22,26,30
8536,4,18,18,26,26
8546,0,22,22,27,30
8546,1,18,18,26,26
8546,2,22,22,27,30
8546,3,22,22,26,30
8546,4,18,18,26,26
8553,0,22,22,27,30
8553,1,18,18,26,26
8553,2,22,22,27,30
8553,3,22,23,26,30
8553,4,18,18,26,26
8559,0,22,22,27,30
8559,1,19,19,27,27
8559,2,22,22,27,30
8559,3,22,23,26,30
8559,4,18,18,26,26
8566,0,22,22,27,30
8566,1,19,19,27,27
8566,2,22,22,27,30
8566,3,22,23,26,30
8566,4,19,19,27,27
8738,0,22,22,27,30
8738,1,19,19,27,27
8738,2,22,22,27,30
8738,3,22,24,26,30
8738,4,19,19,27,27
8827,0,22,22,27,30
8827,1,19,20,27,27
8827,2,22,22,27,30
8827,3,22,24,26,30
8827,4,19,19,27,27
8831,0,22,22,27,30
8831,1,19,20,27,27
8831,2,22,22,27,30
8831,3,22,24,27,30
8831,4,19,19,27,27
8835,0,22,22,27,30
8835,1,19,19,27,27
8835,2,22,22,27,30
8835,3,22,24,27,30
8835,4,19,19,27,27
8951,0,22,22,27,30
8951,1,19,20,27,27
8951,2,22,22,27,30
8951,3,22,24,27,30
8951,4,19,19,27,27
8965,0,22,22,27,30
8965,1,19,19,27,27
8965,2,22,22,27,30
8965,3,22,24,27,30
8965,4,19,19,27,27
8998,0,22,22,27,30
8998,1,19,20,27,27
8998,2,22,22,27,30
8998,3,22,24,27,30
8998,4,19,19,27,27
9005,0,22,22,27,30
9005,1,19,19,27,27
9005,2,22,22,27,30
9005,3,22,24,27,30
9005,4,19,19,27,27
9021,0,22,22,27,30
9021,1,19,20,27,27
9021,2,22,22,27,30
9021,3,22,24,27,30
9021,4,19,19,27,27
9031,0,22,22,27,30
9031,1,20,20,28,28
9031,2,22,22,27,30
9031,3,22,24,27,30
9031,4,20,20,28,28
9046,0,22,22,27,30
9046,1,20,20,28,28
9046,2,22,22,30,30
9046,3,22,25,27,30
9046,4,20,20,28,28
9051,0,22,22,27,30
9051,1,20,20,28,28
9051,2,22,22,30,30
9051,3,22,22,27,30
9051,4,20,20,28,28
9053,0,22,22,27,30
9053,1,20,20,28,28
9053,2,22,22,30,30
9053,3,22,25,27,30
9053,4,20,20,28,28
9318,0,22,22,27,30
9318,1,20,21,28,28
9318,2,22,22,30,30
9318,3,22,25,28,30
9318,4,20,20,28,28
9323,0,22,22,27,30
9323,1,20,21,28,28
9323,2,22,22,30,30
9323,3,22,24,28,30
9323,4,20,20,28,28
9324,0,22,22,27,30
9324,1,20,20,28,28
9324,2,22,22,30,30
9324,3,22,24,28,30
9324,4,20,20,28,28
9325,0,22,22,27,30
9325,1,20,20,28,28
9325,2,22,22,30,30
9325,3,22,25,28,30
9325,4,20,20,28,28
9336,0,22,22,27,30
9336,1,20,20,28,28
9336,2,22,22,30,30
9336,3,22,26,28,30
9336,4,20,20,28,28
9448,0,22,22,27,30
9448,1,20,20,28,28
9448,2,22,22,30,30
9448,3,22,26,28,30
9448,4,21,21,29,29
9615,0,22,22,27,30
9615,1,20,20,28,28
9615,2,22,22,30,30
9615,3,22,26,29,30
9615,4,21,21,29,29
9647,0,22,22,27,30
9647,1,20,20,28,28
9647,2,22,22,30,30
9647,3,22,22,29,30
9647,4,21,21,29,29
9679,0,22,22,27,30
9679,1,20,20,28,28
9679,2,22,22,30,30
9679,3,22,22,29,30
9679,4,22,22,30,30
9801,0,22,22,27,30
9801,1,20,20,28,28
9801,2,22,22,30,30
9801,3,22,22,30,30
9801,4,22,22,30,30
9858,0,22,22,27,30
9858,1,22,23,30,30
9858,2,22,22,30,30
9858,3,22,22,30,30
9858,4,22,22,30,30
9865,0,22,22,27,30
9865,1,22,23,30,30
9865,2,23,23,30,31
9865,3,22,22,30,30
9865,4,22,22,30,30
9866,0,22,22,27,30
9866,1,22,22,30,30
9866,2,23,23,30,31
9866,3,22,22,30,30
9866,4,22,22,30,30
9872,0,22,22,27,30
9872,1,22,22,30,30
9872,2,23,23,30,31
9872,3,23,23,30,31
9872,4,22,22,30,30
9875,0,22,22,27,30
9875,1,22,23,30,30
9875,2,23,23,30,31
9875,3,23,23,30,31
9875,4,22,22,30,30
9877,0,22,22,27,30
9877,1,22,23,30,30
9877,2,23,23,30,31
9877,3,23,26,30,31
9877,4,22,22,30,30
9880,0,24,24,31,32
9880,1,22,23,30,30
9880,2,23,23,30,31
9880,3,23,23,30,31
9880,4,22,22,30,30
9882,0,24,24,31,32
9882,1,22,23,30,30
9882,2,24,24,31,32
9882,3,23,23,30,31
9882,4,22,22,30,30
9884,0,24,24,31,32
9884,1,22,23,30,30
9884,2,24,24,31,32
9884,3,23,26,30,31
9884,4,22,22,30,30
9897,0,24,24,31,32
9897,1,22,23,30,30
9897,2,24,24,31,32
9897,3,23,24,30,31
9897,4,22,22,30,30
9901,0,24,24,31,32
9901,1,22,23,30,30
9901,2,24,24,31,32
9901,3,23,26,30,31
9901,4,22,22,30,30
9906,0,24,24,31,32
9906,1,22,22,30,30
9906,2,24,24,31,32
9906,3,23,24,30,31
9906,4,22,22,30,30
9912,0,24,24,31,32
9912,1,22,22,30,30
9912,2,24,24,31,32
9912,3,23,23,30,31
9912,4,22,22,30,30
9930,0,25,25,31,33
9930,1,22,22,30,30
9930,2,24,24,31,32
9930,3,23,23,30,31
9930,4,22,22,30,30
9932,0,25,25,31,33
9932,1,22,22,30,30
9932,2,25,25,31,33
9932,3,23,23,30,31
9932,4,22,22,30,30
9940,0,25,25,31,33
9940,1,22,22,30,30
9940,2,25,25,31,33
9940,3,23,24,30,31
9940,4,22,22,30,30
9947,0,25,25,31,33
9947,1,22,22,30,30
9947,2,25,25,31,33
9947,3,23,25,30,31
9947,4,22,22,30,30
9950,0,25,25,31,33
9950,1,22,22,30,30
9950,2,25,25,31,33
9950,3,23,26,30,31
9950,4,22,22,30,30
9953,0,25,25,31,33
9953,1,22,22,30,30
9953,2,25,25,31,33
9953,3,23,25,30,31
9953,4,22,22,30,30
9966,0,25,25,31,33
9966,1,22,22,30,30
9966,2,25,25,31,33
9966,3,23,26,30,31
9966,4,22,22,30,30
9972,0,26,26,31,34
9972,1,22,22,30,30
9972,2,25,25,31,33
9972,3,23,26,30,31
9972,4,22,22,30,30
10016,0,27,27,31,35
10016,1,22,22,30,30
10016,2,25,25,31,33
10016,3,23,26,30,31
10016,4,22,22,30,30
10019,0,27,27,31,35
10019,1,22,22,30,30
10019,2,27,25,31,35
10019,3,23,26,30,31
10019,4,22,22,30,30
10039,0,27,27,31,35
10039,1,22,22,30,30
10039,2,27,25,31,35
10039,3,23,23,30,31
10039,4,22,22,30,30
10048,0,27,27,31,35
10048,1,22,22,30,30
10048,2,27,25,31,35
10048,3,23,24,30,31
10048,4,22,22,30,30
10058,0,27,27,31,35
10058,1,22,22,30,30
10058,2,27,25,31,35
10058,3,23,25,30,31
10058,4,22,22,30,30
10069,0,27,27,31,35
10069,1,22,22,30,30
10069,2,27,25,31,35
10069,3,23,26,30,31
10069,4,22,22,30,30
10075,0,27,27,31,35
10075,1,22,22,30,30
10075,2,27,25,31,35
10075,3,27,25,30,35
10075,4,22,22,30,30
10091,0,27,27,31,35
10091,1,22,23,30,30
10091,2,27,25,31,35
10091,3,27,25,30,35
10091,4,22,22,30,30
10109,0,27,27,31,35
10109,1,22,22,30,30
10109,2,27,25,31,35
10109,3,27,25,30,35
10109,4,22,22,30,30
10158,0,27,27,31,35
10158,1,22,23,30,30
10158,2,27,25,31,35
10158,3,27,25,30,35
10158,4,22,22,30,30
10168,0,27,27,31,35
10168,1,22,22,30,30
10168,2,27,25,31,35
10168,3,27,25,30,35
10168,4,22,22,30,30
10186,0,27,27,31,35
10186,1,22,23,30,30
10186,2,27,25,31,35
10186,3,27,25,30,35
10186,4,22,22,30,30
10209,0,27,27,31,35
10209,1,22,22,30,30
10209,2,27,25,31,35
10209,3,27,25,30,35
10209,4,22,22,30,30
10213,0,27,27,31,35
10213,1,23,23,31,31
10213,2,27,25,31,35
10213,3,27,25,30,35
10213,4,22,22,30,30
10217,0,27,27,31,35
10217,1,23,23,31,31
10217,2,27,25,31,35
10217,3,27,25,30,35
10217,4,23,23,31,31
10290,0,27,27,31,35
10290,1,23,23,31,31
10290,2,27,27,31,35
10290,3,27,27,30,35
10290,4,23,23,31,31
10370,0,27,27,31,35
10370,1,23,24,31,31
10370,2,27,27,31,35
10370,3,27,27,30,35
10370,4,23,23,31,31
10376,0,27,27,31,35
10376,1,23,23,31,31
10376,2,27,27,31,35
10376,3,27,27,30,35
10376,4,23,23,31,31
10466,0,27,27,31,35
10466,1,23,24,31,31
10466,2,27,27,31,35
10466,3,27,27,30,35
10466,4,23,23,31,31
10468,0,27,27,31,35
10468,1,23,23,31,31
10468,2,27,27,31,35
10468,3,27,27,30,35
10468,4,23,23,31,31
10512,0,27,27,31,35
10512,1,23,24,31,31
10512,2,27,27,31,35
10512,3,27,27,30,35
10512,4,23,23,31,31
10526,0,27,27,31,35
10526,1,23,23,31,31
10526,2,27,27,31,35
10526,3,27,27,30,35
10526,4,23,23,31,31
10548,0,27,27,31,35
10548,1,23,24,31,31
10548,2,27,27,31,35
10548,3,27,27,30,35
10548,4,23,23,31,31
10566,0,27,27,31,35
10566,1,24,24,32,32
10566,2,27,27,31,35
10566,3,27,27,30,35
10566,4,24,24,32,32
10585,0,27,27,31,35
10585,1,24,24,32,32
10585,2,27,27,31,35
10585,3,27,28,30,35
10585,4,24,24,32,32
10852,0,27,27,31,35
10852,1,24,25,32,32
10852,2,27,27,31,35
10852,3,27,28,30,35
10852,4,24,24,32,32
10867,0,27,27,31,35
10867,1,24,24,32,32
10867,2,27,27,35,35
10867,3,27,29,30,35
10867,4,24,24,32,32
11015,0,27,27,31,35
11015,1,24,25,32,32
11015,2,27,27,35,35
11015,3,27,29,30,35
11015,4,24,24,32,32
11018,0,27,27,31,35
11018,1,24,24,32,32
11018,2,27,27,35,35
11018,3,27,29,30,35
11018,4,24,24,32,32
11056,0,27,27,31,35
11056,1,24,25,32,32
11056,2,27,27,35,35
11056,3,27,29,30,35
11056,4,24,24,32,32
11059,0,27,27,31,35
11059,1,24,25,32,32
11059,2,27,27,35,35
11059,3,27,29,32,35
11059,4,24,24,32,32
11068,0,27,27,31,35
11068,1,24,24,32,32
11068,2,27,27,35,35
11068,3,27,29,32,35
11068,4,24,24,32,32
11080,0,27,27,31,35
11080,1,24,25,32,32
11080,2,27,27,35,35
11080,3,27,29,32,35
11080,4,24,24,32,32
11113,0,27,27,31,35
11113,1,24,24,32,32
11113,2,27,27,35,35
11113,3,27,29,32,35
11113,4,24,24,32,32
11124,0,27,27,31,35
11124,1,24,25,32,32
11124,2,27,27,35,35
11124,3,27,29,32,35
11124,4,24,24,32,32
11141,0,27,27,31,35
11141,1,24,24,32,32
11141,2,27,27,35,35
11141,3,27,29,32,35
11141,4,24,24,32,32
11153,0,27,27,31,35
11153,1,25,25,33,33
11153,2,27,27,35,35
11153,3,27,29,32,35
11153,4,24,24,32,32
11156,0,27,27,31,35
11156,1,25,25,33,33
11156,2,27,27,35,35
11156,3,27,29,32,35
11156,4,25,25,33,33
11165,0,27,27,31,35
11165,1,25,25,33,33
11165,2,27,27,35,35
11165,3,27,30,32,35
11165,4,25,25,33,33
11394,0,27,27,31,35
11394,1,25,25,33,33
11394,2,27,27,35,35
11394,3,27,30,33,35
11394,4,25,25,33,33
11559,0,27,27,31,35
11559,1,25,25,33,33
11559,2,27,27,35,35
11559,3,27,30,33,35
11559,4,26,26,34,34
11670,0,27,27,31,35
11670,1,25,25,33,33
11670,2,27,27,35,35
11670,3,27,30,34,35
11670,4,26,26,34,34
11780,0,27,27,31,35
11780,1,25,25,33,33
11780,2,27,27,35,35
11780,3,27,30,34,35
11780,4,27,27,35,35
11910,0,27,27,31,35
11910,1,27,28,35,35
11910,2,27,27,35,35
11910,3,27,30,34,35
11910,4,27,27,35,35
11927,0,27,27,31,35
11927,1,27,28,35,35
11927,2,27,27,35,35
11927,3,27,30,35,35
11927,4,27,27,35,35
11932,0,27,27,31,35
11932,1,27,27,35,35
11932,2,27,27,35,35
11932,3,27,30,35,35
11932,4,27,27,35,35
11937,0,27,27,31,35
11937,1,27,27,35,35
11937,2,28,28,35,36
11937,3,27,30,35,35
11937,4,27,27,35,35
11941,0,29,29,35,37
11941,1,27,27,35,35
11941,2,28,28,35,36
11941,3,27,30,35,35
11941,4,27,27,35,35
11948,0,29,29,35,37
11948,1,27,27,35,35
11948,2,29,29,35,37
11948,3,27,30,35,35
11948,4,27,27,35,35
11949,0,29,29,35,37
11949,1,27,28,35,35
11949,2,29,29,35,37
11949,3,27,30,35,35
11949,4,27,27,35,35
11967,0,29,29,35,37
11967,1,27,28,35,35
11967,2,29,29,35,37
11967,3,27,27,35,35
11967,4,27,27,35,35
11969,0,29,29,35,37
11969,1,27,28,35,35
11969,2,29,29,35,37
11969,3,27,28,35,35
11969,4,27,27,35,35
11982,0,29,29,35,37
11982,1,27,27,35,35
11982,2,29,29,35,37
11982,3,27,28,35,35
11982,4,27,27,35,35
11987,0,29,29,35,37
11987,1,27,27,35,35
11987,2,29,29,35,37
11987,3,28,28,35,36
11987,4,27,27,35,35
11988,0,29,29,35,37
11988,1,27,28,35,35
11988,2,29,29,35,37
11988,3,28,28,35,36
11988,4,27,27,35,35
11992,0,29,29,35,37
11992,1,27,28,35,35
11992,2,29,29,35,37
11992,3,29,30,35,37
11992,4,27,27,35,35
12004,0,29,29,35,37
12004,1,27,27,35,35
12004,2,29,29,35,37
12004,3,29,30,35,37
12004,4,27,27,35,35
12028,0,29,29,35,37
12028,1,27,27,35,35
12028,2,29,29,35,37
12028,3,29,31,35,37
12028,4,27,27,35,35
12078,0,29,29,35,37
12078,1,27,27,35,35
12078,2,29,29,37,37
12078,3,29,31,35,37
12078,4,27,27,35,35
12111,0,29,29,35,37
12111,1,27,28,35,35
12111,2,29,29,37,37
12111,3,29,31,35,37
12111,4,27,27,35,35
12118,0,29,29,35,37
12118,1,27,27,35,35
12118,2,29,29,37,37
12118,3,29,31,35,37
12118,4,27,27,35,35
12147,0,29,29,35,37
12147,1,27,28,35,35
12147,2,29,29,37,37
12147,3,29,31,35,37
12147,4,27,27,35,35
12163,0,29,29,35,37
12163,1,27,27,35,35
12163,2,29,29,37,37
12163,3,29,31,35,37
12163,4,27,27,35,35
12177,0,29,29,35,37
12177,1,27,28,35,35
12177,2,29,29,37,37
12177,3,29,31,35,37
12177,4,27,27,35,35
12193,0,29,29,35,37
12193,1,27,28,35,35
12193,2,29,29,37,37
12193,3,29,31,35,37
12193,4,28,28,36,36
12379,0,29,29,35,37
12379,1,27,28,35,35
12379,2,29,29,37,37
12379,3,29,31,36,37
12379,4,28,28,36,36
12381,0,29,29,35,37
12381,1,28,28,36,36
12381,2,29,29,37,37
12381,3,29,31,36,37
12381,4,28,28,36,36
12445,0,29,29,35,37
12445,1,28,28,36,36
12445,2,29,29,37,37
12445,3,29,32,36,37
12445,4,28,28,36,36
12470,0,32,33,37,40
12470,1,28,28,36,36
12470,2,29,29,37,37
12470,3,29,32,36,37
12470,4,28,28,36,36
12475,0,32,33,37,40
12475,1,28,28,36,36
12475,2,32,32,37,40
12475,3,29,32,36,37
12475,4,28,28,36,36
12483,0,32,33,37,40
12483,1,28,28,36,36
12483,2,32,32,37,40
12483,3,32,32,36,40
12483,4,28,28,36,36
12529,0,32,33,37,40
12529,1,28,29,36,36
12529,2,32,32,37,40
12529,3,32,32,36,40
12529,4,28,28,36,36
12551,0,32,33,37,40
12551,1,28,28,36,36
12551,2,32,32,37,40
12551,3,32,32,36,40
12551,4,28,28,36,36
12564,0,32,33,37,40
12564,1,28,29,36,36
12564,2,32,32,37,40
12564,3,32,32,36,40
12564,4,28,28,36,36
12577,0,32,33,37,40
12577,1,28,28,36,36
12577,2,32,32,37,40
12577,3,32,32,36,40
12577,4,28,28,36,36
12584,0,32,33,37,40
12584,1,29,29,37,37
12584,2,32,32,37,40
12584,3,32,32,36,40
12584,4,29,29,37,37
12755,0,32,33,37,40
12755,1,29,29,37,37
12755,2,32,32,37,40
12755,3,32,33,36,40
12755,4,29,29,37,37
12824,0,32,33,37,40
12824,1,29,30,37,37
12824,2,32,32,37,40
12824,3,32,33,36,40
12824,4,29,29,37,37
12829,0,32,33,37,40
12829,1,29,29,37,37
12829,2,32,32,37,40
12829,3,32,33,36,40
12829,4,29,29,37,37
12922,0,32,33,37,40
12922,1,29,30,37,37
12922,2,32,32,37,40
12922,3,32,33,36,40
12922,4,29,29,37,37
12934,0,32,33,37,40
12934,1,29,29,37,37
12934,2,32,32,37,40
12934,3,32,33,36,40
12934,4,29,29,37,37
12940,0,32,33,37,40
12940,1,29,29,37,37
12940,2,32,32,40,40
12940,3,32,33,36,40
12940,4,29,29,37,37
12970,0,32,33,37,40
12970,1,29,30,37,37
12970,2,32,32,40,40
12970,3,32,33,36,40
12970,4,29,29,37,37
12976,0,32,33,37,40
12976,1,29,29,37,37
12976,2,32,32,40,40
12976,3,32,33,36,40
12976,4,29,29,37,37
12987,0,32,33,37,40
12987,1,29,30,37,37
12987,2,32,32,40,40
12987,3,32,33,36,40
12987,4,29,29,37,37
12990,0,32,33,37,40
12990,1,29,29,37,37
12990,2,32,32,40,40
12990,3,32,33,36,40
12990,4,29,29,37,37
12998,0,32,33,37,40
12998,1,29,30,37,37
12998,2,32,32,40,40
12998,3,32,33,36,40
12998,4,29,29,37,37
13002,0,32,33,37,40
13002,1,29,29,37,37
13002,2,32,32,40,40
13002,3,32,33,36,40
13002,4,29,29,37,37
13010,0,32,33,37,40
13010,1,29,30,37,37
13010,2,32,32,40,40
13010,3,32,33,36,40
13010,4,30,30,38,38
13016,0,33,33,37,41
13016,1,29,30,37,37
13016,2,32,32,40,40
13016,3,32,33,36,40
13016,4,30,30,38,38
13019,0,33,33,37,41
13019,1,29,30,37,37
13019,2,32,32,40,40
13019,3,33,33,37,41
13019,4,30,30,38,38
13064,0,34,34,37,42
13064,1,29,30,37,37
13064,2,32,32,40,40
13064,3,33,33,37,41
13064,4,30,30,38,38
13066,0,34,34,37,42
13066,1,29,30,37,37
13066,2,32,32,40,40
13066,3,34,33,37,42
13066,4,30,30,38,38
13122,0,34,34,37,42
13122,1,29,30,37,37
13122,2,32,32,40,40
13122,3,34,34,37,42
13122,4,30,30,38,38
13134,0,34,34,37,42
13134,1,30,30,38,38
13134,2,32,32,40,40
13134,3,34,34,37,42
13134,4,30,30,38,38
13271,0,34,34,37,42
13271,1,30,31,38,38
13271,2,32,32,40,40
13271,3,34,34,37,42
13271,4,30,30,38,38
13290,0,34,34,37,42
13290,1,30,30,38,38
13290,2,32,32,40,40
13290,3,34,34,37,42
13290,4,30,30,38,38
13387,0,34,34,37,42
13387,1,30,31,38,38
13387,2,32,32,40,40
13387,3,34,34,37,42
13387,4,30,30,38,38
13401,0,34,34,37,42
13401,1,30,30,38,38
13401,2,32,32,40,40
13401,3,34,34,37,42
13401,4,30,30,38,38
13424,0,34,34,37,42
13424,1,30,30,38,38
13424,2,34,34,42,42
13424,3,34,35,37,42
13424,4,30,30,38,38
13428,0,34,34,37,42
13428,1,30,30,38,38
13428,2,34,34,42,42
13428,3,34,35,38,42
13428,4,30,30,38,38
13443,0,34,34,37,42
13443,1,30,31,38,38
13443,2,34,34,42,42
13443,3,34,35,38,42
13443,4,30,30,38,38
13460,0,34,34,37,42
13460,1,30,30,38,38
13460,2,34,34,42,42
13460,3,34,35,38,42
13460,4,30,30,38,38
13482,0,34,34,37,42
13482,1,30,31,38,38
13482,2,34,34,42,42
13482,3,34,35,38,42
13482,4,30,30,38,38
13493,0,34,34,37,42
13493,1,30,30,38,38
13493,2,34,34,42,42
13493,3,34,35,38,42
13493,4,30,30,38,38
13498,0,34,34,37,42
13498,1,30,31,38,38
13498,2,34,34,42,42
13498,3,34,35,38,42
13498,4,30,30,38,38
13516,0,34,34,37,42
13516,1,30,30,38,38
13516,2,34,34,42,42
13516,3,34,35,38,42
13516,4,30,30,38,38
13522,0,34,34,37,42
13522,1,30,31,38,38
13522,2,34,34,42,42
13522,3,34,35,38,42
13522,4,30,30,38,38
13531,0,34,34,37,42
13531,1,30,30,38,38
13531,2,34,34,42,42
13531,3,34,35,38,42
13531,4,30,30,38,38
13537,0,34,34,37,42
13537,1,31,31,39,39
13537,2,34,34,42,42
13537,3,34,35,38,42
13537,4,31,31,39,39
13850,0,34,34,37,42
13850,1,31,31,39,39
13850,2,34,34,42,42
13850,3,34,36,38,42
13850,4,31,31,39,39
13869,0,34,34,37,42
13869,1,31,32,39,39
13869,2,34,34,42,42
13869,3,34,36,38,42
13869,4,31,31,39,39
13876,0,34,34,37,42
13876,1,31,32,39,39
13876,2,34,34,42,42
13876,3,34,34,39,42
13876,4,31,31,39,39
13883,0,34,34,37,42
13883,1,31,32,39,39
13883,2,34,34,42,42
13883,3,34,36,39,42
13883,4,31,31,39,39
13884,0,36,37,42,44
13884,1,31,32,39,39
13884,2,34,34,42,42
13884,3,34,36,39,42
13884,4,31,31,39,39
13887,0,36,37,42,44
13887,1,31,31,39,39
13887,2,34,34,42,42
13887,3,36,36,39,44
13887,4,31,31,39,39
13959,0,36,37,42,44
13959,1,31,32,39,39
13959,2,34,34,42,42
13959,3,36,36,39,44
13959,4,31,31,39,39
13995,0,36,37,42,44
13995,1,31,31,39,39
13995,2,34,34,42,42
13995,3,36,36,39,44
13995,4,31,31,39,39
14013,0,36,37,42,44
14013,1,31,32,39,39
14013,2,34,34,42,42
14013,3,36,36,39,44
14013,4,31,31,39,39
14051,0,36,37,42,44
14051,1,31,32,39,39
14051,2,34,34,42,42
14051,3,36,36,39,44
14051,4,32,32,40,40
14054,0,36,37,42,44
14054,1,32,32,40,40
14054,2,34,34,42,42
14054,3,36,36,39,44
14054,4,32,32,40,40
14145,0,36,37,42,44
14145,1,32,32,40,40
14145,2,34,34,42,42
14145,3,36,37,39,44
14145,4,32,32,40,40
14309,0,36,37,42,44
14309,1,32,33,40,40
14309,2,34,34,42,42
14309,3,36,37,39,44
14309,4,32,32,40,40
14313,0,36,37,42,44
14313,1,32,33,40,40
14313,2,34,34,42,42
14313,3,36,37,40,44
14313,4,32,32,40,40
14319,0,36,37,42,44
14319,1,32,32,40,40
14319,2,34,34,42,42
14319,3,36,37,40,44
14319,4,32,32,40,40
14458,0,36,37,42,44
14458,1,32,33,40,40
14458,2,34,34,42,42
14458,3,36,38,40,44
14458,4,32,32,40,40
14460,0,36,37,42,44
14460,1,32,33,40,40
14460,2,34,34,42,42
14460,3,36,37,40,44
14460,4,32,32,40,40
14463,0,36,37,42,44
14463,1,32,33,40,40
14463,2,34,34,42,42
14463,3,36,38,40,44
14463,4,32,32,40,40
14495,0,36,37,42,44
14495,1,32,33,40,40
14495,2,34,34,42,42
14495,3,36,38,40,44
14495,4,33,33,41,41
14662,0,36,37,42,44
14662,1,32,33,40,40
14662,2,34,34,42,42
14662,3,36,38,41,44
14662,4,33,33,41,41
14709,0,36,37,42,44
14709,1,32,33,40,40
14709,2,34,34,42,42
14709,3,36,38,41,44
14709,4,34,34,42,42
14933,0,36,37,42,44
14933,1,32,33,40,40
14933,2,34,34,42,42
14933,3,36,38,41,44
14933,4,35,35,43,43
14977,0,36,37,42,44
14977,1,35,35,43,43
14977,2,34,34,42,42
14977,3,36,38,41,44
14977,4,35,35,43,43
15158,0,36,37,42,44
15158,1,35,36,43,43
15158,2,34,34,42,42
15158,3,36,38,41,44
15158,4,35,35,43,43
15172,0,36,37,42,44
15172,1,35,35,43,43
15172,2,34,34,42,42
15172,3,36,38,43,44
15172,4,35,35,43,43
15252,0,36,37,42,44
15252,1,35,36,43,43
15252,2,34,34,42,42
15252,3,36,38,43,44
15252,4,35,35,43,43
15260,0,36,37,42,44
15260,1,35,35,43,43
15260,2,34,34,42,42
15260,3,36,38,43,44
15260,4,35,35,43,43
15270,0,36,37,42,44
15270,1,35,35,43,43
15270,2,34,34,42,42
15270,3,36,39,43,44
15270,4,35,35,43,43
15275,0,36,37,42,44
15275,1,35,35,43,43
15275,2,36,36,44,44
15275,3,36,39,43,44
15275,4,35,35,43,43
15315,0,36,37,42,44
15315,1,35,36,43,43
15315,2,36,36,44,44
15315,3,36,39,43,44
15315,4,35,35,43,43
15324,0,36,37,42,44
15324,1,35,35,43,43
15324,2,36,36,44,44
15324,3,36,39,43,44
15324,4,35,35,43,43
15355,0,36,37,42,44
15355,1,35,36,43,43
15355,2,36,36,44,44
15355,3,36,39,43,44
15355,4,35,35,43,43
15358,0,36,37,42,44
15358,1,35,35,43,43
15358,2,36,36,44,44
15358,3,36,39,43,44
15358,4,35,35,43,43
15364,0,37,37,44,45
15364,1,35,35,43,43
15364,2,36,36,44,44
15364,3,36,39,43,44
15364,4,35,35,43,43
15369,0,37,37,44,45
15369,1,35,35,43,43
15369,2,37,37,44,45
15369,3,36,39,43,44
15369,4,35,35,43,43
15371,0,37,37,44,45
15371,1,35,35,43,43
15371,2,37,37,44,45
15371,3,36,36,43,44
15371,4,35,35,43,43
15373,0,37,37,44,45
15373,1,35,36,43,43
15373,2,37,37,44,45
15373,3,36,36,43,44
15373,4,35,35,43,43
15387,0,37,37,44,45
15387,1,35,35,43,43
15387,2,37,37,44,45
15387,3,36,36,43,44
15387,4,35,35,43,43
15400,0,37,37,44,45
15400,1,35,36,43,43
15400,2,37,37,44,45
15400,3,36,36,43,44
15400,4,35,35,43,43
15414,0,37,37,44,45
15414,1,35,36,43,43
15414,2,37,37,44,45
15414,3,36,36,43,44
15414,4,36,36,44,44
15416,0,37,37,44,45
15416,1,36,36,44,44
15416,2,37,37,44,45
15416,3,36,36,43,44
15416,4,36,36,44,44
15454,0,37,37,44,45
15454,1,36,36,44,44
15454,2,37,37,44,45
15454,3,36,36,44,44
15454,4,36,36,44,44
15457,0,37,37,44,45
15457,1,36,36,44,44
15457,2,37,37,44,45
15457,3,37,36,44,45
15457,4,36,36,44,44
15632,0,37,37,44,45
15632,1,36,37,44,44
15632,2,37,37,44,45
15632,3,37,36,44,45
15632,4,36,36,44,44
15640,0,38,40,45,46
15640,1,36,37,44,44
15640,2,37,37,44,45
15640,3,37,36,44,45
15640,4,36,36,44,44
15650,0,38,40,45,46
15650,1,36,36,44,44
15650,2,37,37,44,45
15650,3,37,36,44,45
15650,4,36,36,44,44
15653,0,38,40,45,46
15653,1,36,36,44,44
15653,2,38,38,45,46
15653,3,37,36,44,45
15653,4,36,36,44,44
15660,0,38,40,45,46
15660,1,36,36,44,44
15660,2,38,38,45,46
15660,3,37,37,44,45
15660,4,36,36,44,44
15679,0,38,40,45,46
15679,1,36,36,44,44
15679,2,38,38,45,46
15679,3,37,40,44,45
15679,4,36,36,44,44
15768,0,38,40,45,46
15768,1,36,37,44,44
15768,2,38,38,45,46
15768,3,37,40,44,45
15768,4,36,36,44,44
15778,0,38,40,45,46
15778,1,36,36,44,44
15778,2,38,38,45,46
15778,3,37,40,44,45
15778,4,36,36,44,44
15782,0,38,40,45,46
15782,1,36,36,44,44
15782,2,38,38,45,46
15782,3,37,37,44,45
15782,4,36,36,44,44
15794,0,38,40,45,46
15794,1,36,36,44,44
15794,2,38,38,45,46
15794,3,37,38,44,45
15794,4,36,36,44,44
15801,0,38,40,45,46
15801,1,36,36,44,44
15801,2,38,38,45,46
15801,3,40,40,44,48
15801,4,36,36,44,44
15810,0,41,41,48,49
15810,1,36,36,44,44
15810,2,38,38,45,46
15810,3,40,40,44,48
15810,4,36,36,44,44
15813,0,41,41,48,49
15813,1,36,36,44,44
15813,2,41,38,48,49
15813,3,40,40,44,48
15813,4,36,36,44,44
15859,0,41,41,48,49
15859,1,36,37,44,44
15859,2,41,38,48,49
15859,3,40,40,44,48
15859,4,36,36,44,44
15875,0,41,41,48,49
15875,1,36,36,44,44
15875,2,41,38,48,49
15875,3,40,40,44,48
15875,4,36,36,44,44
15889,0,41,41,48,49
15889,1,36,37,44,44
15889,2,41,38,48,49
15889,3,40,40,44,48
15889,4,36,36,44,44
15910,0,41,41,48,49
15910,1,36,36,44,44
15910,2,41,38,48,49
15910,3,40,40,44,48
15910,4,36,36,44,44
15921,0,41,41,48,49
15921,1,36,37,44,44
15921,2,41,38,48,49
15921,3,40,40,44,48
15921,4,36,36,44,44
15930,0,41,41,48,49
15930,1,36,36,44,44
15930,2,41,38,48,49
15930,3,40,40,44,48
15930,4,36,36,44,44
15937,0,41,41,48,49
15937,1,36,37,44,44
15937,2,41,38,48,49
15937,3,40,40,44,48
15937,4,36,36,44,44
15944,0,41,41,48,49
15944,1,36,36,44,44
15944,2,41,38,48,49
15944,3,40,40,44,48
15944,4,36,36,44,44
15948,0,41,41,48,49
15948,1,36,37,44,44
15948,2,41,38,48,49
15948,3,40,40,44,48
15948,4,36,36,44,44
15952,0,41,41,48,49
15952,1,36,37,44,44
15952,2,41,38,48,49
15952,3,40,40,44,48
15952,4,37,37,45,45
15956,0,41,41,48,49
15956,1,37,37,45,45
15956,2,41,38,48,49
15956,3,40,40,44,48
15956,4,37,37,45,45
16007,0,41,41,48,49
16007,1,37,37,45,45
16007,2,41,41,48,49
16007,3,40,41,44,48
16007,4,37,37,45,45
16286,0,41,41,48,49
16286,1,37,37,45,45
16286,2,41,41,48,49
16286,3,40,42,44,48
16286,4,37,37,45,45
16309,0,41,41,48,49
16309,1,37,38,45,45
16309,2,41,41,48,49
16309,3,40,42,44,48
16309,4,37,37,45,45
16313,0,41,41,48,49
16313,1,37,37,45,45
16313,2,41,41,48,49
16313,3,40,42,45,48
16313,4,37,37,45,45
16327,0,41,41,48,49
16327,1,37,37,45,45
16327,2,41,41,48,49
16327,3,41,42,45,49
16327,4,37,37,45,45
16388,0,41,41,48,49
16388,1,37,38,45,45
16388,2,41,41,48,49
16388,3,41,42,45,49
16388,4,37,37,45,45
16397,0,41,41,48,49
16397,1,37,37,45,45
16397,2,41,41,48,49
16397,3,41,42,45,49
16397,4,37,37,45,45
16433,0,41,41,48,49
16433,1,37,38,45,45
16433,2,41,41,48,49
16433,3,41,42,45,49
16433,4,37,37,45,45
16439,0,41,41,48,49
16439,1,37,37,45,45
16439,2,41,41,48,49
16439,3,41,42,45,49
16439,4,37,37,45,45
16451,0,41,41,48,49
16451,1,37,38,45,45
16451,2,41,41,48,49
16451,3,41,42,45,49
16451,4,37,37,45,45
16456,0,41,41,48,49
16456,1,37,37,45,45
16456,2,41,41,48,49
16456,3,41,42,45,49
16456,4,37,37,45,45
16466,0,41,41,48,49
16466,1,37,38,45,45
16466,2,41,41,48,49
16466,3,41,42,45,49
16466,4,37,37,45,45
16468,0,41,41,48,49
16468,1,37,37,45,45
16468,2,41,41,48,49
16468,3,41,42,45,49
16468,4,37,37,45,45
16470,0,41,41,48,49
16470,1,37,38,45,45
16470,2,41,41,48,49
16470,3,41,42,45,49
16470,4,37,37,45,45
16472,0,41,41,48,49
16472,1,37,38,45,45
16472,2,41,41,48,49
16472,3,41,42,45,49
16472,4,38,38,46,46
16474,0,41,41,48,49
16474,1,38,38,46,46
16474,2,41,41,48,49
16474,3,41,42,45,49
16474,4,38,38,46,46
16584,0,41,41,48,49
16584,1,38,38,46,46
16584,2,41,41,48,49
16584,3,41,43,45,49
16584,4,38,38,46,46
16761,0,41,41,48,49
16761,1,38,39,46,46
16761,2,41,41,48,49
16761,3,41,43,45,49
16761,4,38,38,46,46
16764,0,41,41,48,49
16764,1,38,39,46,46
16764,2,41,41,48,49
16764,3,41,43,46,49
16764,4,38,38,46,46
16795,0,41,41,48,49
16795,1,38,38,46,46
16795,2,41,41,48,49
16795,3,41,43,46,49
16795,4,38,38,46,46
16862,0,41,41,48,49
16862,1,38,38,46,46
16862,2,41,41,48,49
16862,3,41,44,46,49
16862,4,38,38,46,46
16952,0,41,41,48,49
16952,1,38,38,46,46
16952,2,41,41,48,49
16952,3,41,44,46,49
16952,4,39,39,47,47
17121,0,41,41,48,49
17121,1,38,38,46,46
17121,2,41,41,48,49
17121,3,41,44,47,49
17121,4,39,39,47,47
17179,0,41,41,48,49
17179,1,38,38,46,46
17179,2,41,41,48,49
17179,3,41,44,47,49
17179,4,40,40,48,48
17305,0,41,41,48,49
17305,1,38,38,46,46
17305,2,41,41,48,49
17305,3,41,44,48,49
17305,4,40,40,48,48
17372,0,41,41,48,49
17372,1,38,38,46,46
17372,2,41,41,48,49
17372,3,41,44,48,49
17372,4,41,41,49,49
17384,0,41,41,48,49
17384,1,41,41,49,49
17384,2,41,41,48,49
17384,3,41,44,48,49
17384,4,41,41,49,49
17386,0,41,41,48,49
17386,1,41,41,49,49
17386,2,41,41,48,49
17386,3,41,44,49,49
17386,4,41,41,49,49
17400,0,41,41,48,49
17400,1,41,41,49,49
17400,2,42,42,49,50
17400,3,41,44,49,49
17400,4,41,41,49,49
17509,0,41,41,48,49
17509,1,41,41,49,49
17509,2,42,42,49,50
17509,3,41,41,49,49
17509,4,41,41,49,49
17534,0,43,43,49,51
17534,1,41,41,49,49
17534,2,42,42,49,50
17534,3,41,41,49,49
17534,4,41,41,49,49
17538,0,45,45,49,53
17538,1,41,41,49,49
17538,2,42,42,49,50
17538,3,41,41,49,49
17538,4,41,41,49,49
17540,0,45,45,49,53
17540,1,41,41,49,49
17540,2,42,42,49,50
17540,3,45,44,49,53
17540,4,41,41,49,49
17541,0,45,45,49,53
17541,1,41,41,49,49
17541,2,43,43,49,51
17541,3,45,44,49,53
17541,4,41,41,49,49
17667,0,45,45,49,53
17667,1,41,42,49,49
17667,2,43,43,49,51
17667,3,45,44,49,53
17667,4,41,41,49,49
17678,0,45,45,49,53
17678,1,41,41,49,49
17678,2,43,43,49,51
17678,3,45,44,49,53
17678,4,41,41,49,49
17761,0,45,45,49,53
17761,1,41,41,49,49
17761,2,43,43,49,51
17761,3,45,45,49,53
17761,4,41,41,49,49
17783,0,45,45,49,53
17783,1,41,42,49,49
17783,2,43,43,49,51
17783,3,45,45,49,53
17783,4,41,41,49,49
17798,0,45,45,49,53
17798,1,41,41,49,49
17798,2,43,43,49,51
17798,3,45,45,49,53
17798,4,41,41,49,49
17811,0,45,45,49,53
17811,1,41,42,49,49
17811,2,43,43,49,51
17811,3,45,45,49,53
17811,4,41,41,49,49
17830,0,45,45,49,53
17830,1,41,41,49,49
17830,2,43,43,49,51
17830,3,45,45,49,53
17830,4,41,41,49,49
17832,0,45,45,49,53
17832,1,41,42,49,49
17832,2,43,43,49,51
17832,3,45,45,49,53
17832,4,41,41,49,49
17846,0,45,45,49,53
17846,1,41,41,49,49
17846,2,43,43,49,51
17846,3,45,45,49,53
17846,4,41,41,49,49
17850,0,45,45,49,53
17850,1,41,41,49,49
17850,2,43,43,49,51
17850,3,45,45,49,53
17850,4,42,42,50,50
17852,0,45,45,49,53
17852,1,42,42,50,50
17852,2,43,43,49,51
17852,3,45,45,49,53
17852,4,42,42,50,50
18094,0,45,45,49,53
18094,1,42,43,50,50
18094,2,43,43,49,51
18094,3,45,45,49,53
18094,4,42,42,50,50
18102,0,45,45,49,53
18102,1,42,42,50,50
18102,2,43,43,49,51
18102,3,45,45,49,53
18102,4,42,42,50,50
18219,0,45,45,49,53
18219,1,42,43,50,50
18219,2,43,43,49,51
18219,3,45,45,49,53
18219,4,42,42,50,50
18234,0,45,45,49,53
18234,1,42,42,50,50
18234,2,43,43,49,51
18234,3,45,45,49,53
18234,4,42,42,50,50
18269,0,45,45,49,53
18269,1,42,43,50,50
18269,2,43,43,49,51
18269,3,45,45,49,53
18269,4,42,42,50,50
18277,0,45,45,49,53
18277,1,42,42,50,50
18277,2,43,43,49,51
18277,3,45,45,49,53
18277,4,42,42,50,50
18290,0,45,45,49,53
18290,1,42,42,50,50
18290,2,43,43,49,51
18290,3,45,45,50,53
18290,4,42,42,50,50
18291,0,45,45,49,53
18291,1,42,42,50,50
18291,2,45,45,53,53
18291,3,45,45,50,53
18291,4,42,42,50,50
18292,0,45,45,49,53
18292,1,42,43,50,50
18292,2,45,45,53,53
18292,3,45,45,50,53
18292,4,42,42,50,50
18298,0,45,45,49,53
18298,1,42,42,50,50
18298,2,45,45,53,53
18298,3,45,45,50,53
18298,4,42,42,50,50
18302,0,45,45,49,53
18302,1,42,43,50,50
18302,2,45,45,53,53
18302,3,45,45,50,53
18302,4,42,42,50,50
18305,0,45,45,49,53
18305,1,42,43,50,50
18305,2,45,45,53,53
18305,3,45,45,50,53
18305,4,43,43,51,51
18309,0,45,45,49,53
18309,1,43,43,51,51
18309,2,45,45,53,53
18309,3,45,45,50,53
18309,4,43,43,51,51
18325,0,46,46,53,54
18325,1,43,43,51,51
18325,2,45,45,53,53
18325,3,45,45,50,53
18325,4,43,43,51,51
18327,0,46,46,53,54
18327,1,43,43,51,51
18327,2,46,46,53,54
18327,3,45,45,50,53
18327,4,43,43,51,51
18345,0,47,47,53,55
18345,1,43,43,51,51
18345,2,46,46,53,54
18345,3,45,45,50,53
18345,4,43,43,51,51
18347,0,47,47,53,55
18347,1,43,43,51,51
18347,2,47,47,53,55
18347,3,45,45,50,53
18347,4,43,43,51,51
18369,0,48,48,53,56
18369,1,43,43,51,51
18369,2,47,47,53,55
18369,3,45,45,50,53
18369,4,43,43,51,51
18372,0,48,48,53,56
18372,1,43,43,51,51
18372,2,48,47,53,56
18372,3,45,45,50,53
18372,4,43,43,51,51
18417,0,48,48,53,56
18417,1,43,43,51,51
18417,2,48,47,53,56
18417,3,45,46,50,53
18417,4,43,43,51,51
18543,0,48,48,53,56
18543,1,43,43,51,51
18543,2,48,47,53,56
18543,3,45,47,50,53
18543,4,43,43,51,51
18633,0,48,48,53,56
18633,1,43,44,51,51
18633,2,48,47,53,56
18633,3,45,47,50,53
18633,4,43,43,51,51
18641,0,48,48,53,56
18641,1,43,43,51,51
18641,2,48,47,53,56
18641,3,45,47,50,53
18641,4,43,43,51,51
18718,0,48,48,53,56
18718,1,43,43,51,51
18718,2,48,48,53,56
18718,3,45,48,50,53
18718,4,43,43,51,51
18725,0,48,48,53,56
18725,1,43,44,51,51
18725,2,48,48,53,56
18725,3,45,48,50,53
18725,4,43,43,51,51
18731,0,48,48,53,56
18731,1,43,44,51,51
18731,2,48,48,53,56
18731,3,45,45,51,53
18731,4,43,43,51,51
18736,0,48,48,53,56
18736,1,43,44,51,51
18736,2,48,48,53,56
18736,3,45,46,51,53
18736,4,43,43,51,51
18737,0,48,48,53,56
18737,1,43,43,51,51
18737,2,48,48,53,56
18737,3,45,46,51,53
18737,4,43,43,51,51
18759,0,48,48,53,56
18759,1,43,43,51,51
18759,2,48,48,53,56
18759,3,45,47,51,53
18759,4,43,43,51,51
18766,0,48,48,53,56
18766,1,43,43,51,51
18766,2,48,48,53,56
18766,3,45,45,51,53
18766,4,43,43,51,51
18774,0,48,48,53,56
18774,1,43,43,51,51
18774,2,48,48,53,56
18774,3,45,46,51,53
18774,4,43,43,51,51
18778,0,48,48,53,56
18778,1,43,43,51,51
18778,2,48,48,53,56
18778,3,48,48,51,56
18778,4,43,43,51,51
18797,0,48,48,53,56
18797,1,43,44,51,51
18797,2,48,48,53,56
18797,3,48,48,51,56
18797,4,43,43,51,51
18808,0,48,48,53,56
18808,1,43,43,51,51
18808,2,48,48,53,56
18808,3,48,48,51,56
18808,4,43,43,51,51
18849,0,48,48,53,56
18849,1,43,44,51,51
18849,2,48,48,53,56
18849,3,48,48,51,56
18849,4,43,43,51,51
18876,0,48,48,53,56
18876,1,43,43,51,51
18876,2,48,48,53,56
18876,3,48,48,51,56
18876,4,43,43,51,51
18887,0,48,48,53,56
18887,1,43,44,51,51
18887,2,48,48,53,56
18887,3,48,48,51,56
18887,4,43,43,51,51
18895,0,48,48,53,56
18895,1,43,44,51,51
18895,2,48,48,53,56
18895,3,48,48,51,56
18895,4,44,44,52,52
18903,0,48,48,53,56
18903,1,44,44,52,52
18903,2,48,48,53,56
18903,3,48,48,51,56
18903,4,44,44,52,52
19007,0,48,48,53,56
19007,1,44,44,52,52
19007,2,48,48,53,56
19007,3,48,49,51,56
19007,4,44,44,52,52
19156,0,48,48,53,56
19156,1,44,44,52,52
19156,2,48,48,53,56
19156,3,48,49,52,56
19156,4,44,44,52,52
19299,0,48,48,53,56
19299,1,44,44,52,52
19299,2,48,48,53,56
19299,3,48,50,52,56
19299,4,44,44,52,52
19307,0,48,48,53,56
19307,1,44,45,52,52
19307,2,48,48,53,56
19307,3,48,50,52,56
19307,4,44,44,52,52
19359,0,48,48,53,56
19359,1,44,45,52,52
19359,2,48,48,53,56
19359,3,48,50,52,56
19359,4,45,45,53,53
19475,0,48,48,53,56
19475,1,45,46,53,53
19475,2,48,48,53,56
19475,3,48,50,52,56
19475,4,45,45,53,53
19479,0,48,48,53,56
19479,1,45,46,53,53
19479,2,48,48,53,56
19479,3,48,50,53,56
19479,4,45,45,53,53
19481,0,48,48,53,56
19481,1,45,45,53,53
19481,2,48,48,53,56
19481,3,48,50,53,56
19481,4,45,45,53,53
19582,0,48,48,53,56
19582,1,45,45,53,53
19582,2,48,48,53,56
19582,3,48,50,53,56
19582,4,46,46,54,54
19817,0,48,48,53,56
19817,1,45,45,53,53
19817,2,48,48,53,56
19817,3,48,50,53,56
19817,4,47,47,55,55
19822,0,48,48,53,56
19822,1,47,47,55,55
19822,2,48,48,53,56
19822,3,48,50,53,56
19822,4,47,47,55,55
20035,0,48,48,53,56
20035,1,47,47,55,55
20035,2,48,48,53,56
20035,3,48,51,53,56
20035,4,47,47,55,55
20037,0,48,48,53,56
20037,1,47,47,55,55
20037,2,48,48,56,56
20037,3,48,51,53,56
20037,4,47,47,55,55
20096,0,48,48,53,56
20096,1,47,48,55,55
20096,2,48,48,56,56
20096,3,48,51,53,56
20096,4,47,47,55,55
20101,0,48,48,53,56
20101,1,47,47,55,55
20101,2,48,48,56,56
20101,3,48,51,53,56
20101,4,47,47,55,55
20109,0,48,48,53,56
20109,1,47,47,55,55
20109,2,48,48,56,56
20109,3,48,51,55,56
20109,4,47,47,55,55
20121,0,49,49,56,57
20121,1,47,47,55,55
20121,2,48,48,56,56
20121,3,48,51,55,56
20121,4,47,47,55,55
20124,0,49,49,56,57
20124,1,47,47,55,55
20124,2,48,48,56,56
20124,3,49,51,55,57
20124,4,47,47,55,55
20152,0,50,50,57,58
20152,1,47,47,55,55
20152,2,48,48,56,56
20152,3,49,51,55,57
20152,4,47,47,55,55
20190,0,51,51,57,59
20190,1,47,47,55,55
20190,2,48,48,56,56
20190,3,49,51,55,57
20190,4,47,47,55,55
20198,0,51,51,57,59
20198,1,47,47,55,55
20198,2,51,51,57,59
20198,3,49,51,55,57
20198,4,47,47,55,55
20218,0,52,52,57,60
20218,1,47,47,55,55
20218,2,51,51,57,59
20218,3,49,51,55,57
20218,4,47,47,55,55
20222,0,52,52,57,60
20222,1,47,47,55,55
20222,2,52,51,57,60
20222,3,49,51,55,57
20222,4,47,47,55,55
20238,0,52,52,57,60
20238,1,47,48,55,55
20238,2,52,51,57,60
20238,3,49,51,55,57
20238,4,47,47,55,55
20244,0,52,52,57,60
20244,1,47,47,55,55
20244,2,52,51,57,60
20244,3,49,51,55,57
20244,4,47,47,55,55
20301,0,52,52,57,60
20301,1,47,48,55,55
20301,2,52,51,57,60
20301,3,49,51,55,57
20301,4,47,47,55,55
20316,0,52,52,57,60
20316,1,47,47,55,55
20316,2,52,51,57,60
20316,3,49,51,55,57
20316,4,47,47,55,55
20341,0,52,52,57,60
20341,1,47,48,55,55
20341,2,52,51,57,60
20341,3,49,51,55,57
20341,4,47,47,55,55
20359,0,52,52,57,60
20359,1,47,47,55,55
20359,2,52,51,57,60
20359,3,49,51,55,57
20359,4,47,47,55,55
20367,0,52,52,57,60
20367,1,47,47,55,55
20367,2,52,51,57,60
20367,3,49,51,55,57
20367,4,48,48,56,56
20369,0,52,52,57,60
20369,1,47,48,55,55
20369,2,52,51,57,60
20369,3,49,51,55,57
20369,4,48,48,56,56
20419,0,52,52,57,60
20419,1,47,48,55,55
20419,2,52,51,57,60
20419,3,49,52,55,57
20419,4,48,48,56,56
20420,0,52,52,57,60
20420,1,47,48,55,55
20420,2,52,52,57,60
20420,3,49,52,55,57
20420,4,48,48,56,56
20422,0,52,52,57,60
20422,1,47,48,55,55
20422,2,52,52,57,60
20422,3,49,49,55,57
20422,4,48,48,56,56
20436,0,52,52,57,60
20436,1,48,48,56,56
20436,2,52,52,57,60
20436,3,49,49,55,57
20436,4,48,48,56,56
20443,0,52,52,57,60
20443,1,48,48,56,56
20443,2,52,52,57,60
20443,3,49,50,55,57
20443,4,48,48,56,56
20469,0,52,52,57,60
20469,1,48,48,56,56
20469,2,52,52,57,60
20469,3,49,51,55,57
20469,4,48,48,56,56
20480,0,52,52,57,60
20480,1,48,48,56,56
20480,2,52,52,57,60
20480,3,49,52,55,57
20480,4,48,48,56,56
20673,0,52,52,57,60
20673,1,48,49,56,56
20673,2,52,52,57,60
20673,3,49,52,55,57
20673,4,48,48,56,56
20692,0,52,52,57,60
20692,1,48,48,56,56
20692,2,52,52,57,60
20692,3,49,52,55,57
20692,4,48,48,56,56
20703,0,52,52,57,60
20703,1,48,48,56,56
20703,2,52,52,57,60
20703,3,49,53,55,57
20703,4,48,48,56,56
20805,0,52,52,57,60
20805,1,48,48,56,56
20805,2,52,52,57,60
20805,3,52,53,56,60
20805,4,48,48,56,56
20899,0,52,52,57,60
20899,1,48,49,56,56
20899,2,52,52,57,60
20899,3,52,53,56,60
20899,4,48,48,56,56
20913,0,52,52,57,60
20913,1,48,49,56,56
20913,2,52,52,57,60
20913,3,52,53,56,60
20913,4,49,49,57,57
20918,0,52,52,57,60
20918,1,49,49,57,57
20918,2,52,52,57,60
20918,3,52,53,56,60
20918,4,49,49,57,57
21014,0,52,52,57,60
21014,1,49,49,57,57
21014,2,52,52,57,60
21014,3,52,54,56,60
21014,4,49,49,57,57
21147,0,52,52,57,60
21147,1,49,49,57,57
21147,2,52,52,57,60
21147,3,52,54,57,60
21147,4,49,49,57,57
21316,0,52,52,57,60
21316,1,49,49,57,57
21316,2,52,52,60,60
21316,3,52,55,57,60
21316,4,49,49,57,57
21319,0,52,52,57,60
21319,1,49,50,57,57
21319,2,52,52,60,60
21319,3,52,55,57,60
21319,4,49,49,57,57
21346,0,52,52,57,60
21346,1,49,50,57,57
21346,2,52,52,60,60
21346,3,52,55,57,60
21346,4,50,50,58,58
21465,0,52,52,57,60
21465,1,49,50,57,57
21465,2,52,52,60,60
21465,3,52,55,58,60
21465,4,50,50,58,58
21572,0,52,52,57,60
21572,1,49,50,57,57
21572,2,52,52,60,60
21572,3,52,55,58,60
21572,4,51,51,59,59
21694,0,52,52,57,60
21694,1,49,50,57,57
21694,2,52,52,60,60
21694,3,52,55,59,60
21694,4,51,51,59,59
21806,0,52,52,57,60
21806,1,49,50,57,57
21806,2,52,52,60,60
21806,3,52,55,59,60
21806,4,52,52,60,60
21838,0,52,52,57,60
21838,1,49,50,57,57
21838,2,52,52,60,60
21838,3,52,52,59,60
21838,4,52,52,60,60
21841,0,52,52,57,60
21841,1,51,52,59,59
21841,2,52,52,60,60
21841,3,52,52,59,60
21841,4,52,52,60,60
21844,0,52,52,57,60
21844,1,51,52,59,59
21844,2,52,52,60,60
21844,3,52,55,59,60
21844,4,52,52,60,60
21848,0,53,53,60,61
21848,1,51,52,59,59
21848,2,52,52,60,60
21848,3,52,55,59,60
21848,4,52,52,60,60
21850,0,53,53,60,61
21850,1,51,52,59,59
21850,2,53,53,60,61
21850,3,52,55,59,60
21850,4,52,52,60,60
21853,0,53,53,60,61
21853,1,51,52,59,59
21853,2,53,53,60,61
21853,3,52,53,59,60
21853,4,52,52,60,60
21856,0,53,53,60,61
21856,1,51,52,59,59
21856,2,53,53,60,61
21856,3,52,55,59,60
21856,4,52,52,60,60
21876,0,53,53,60,61
21876,1,51,52,59,59
21876,2,53,53,60,61
21876,3,52,53,59,60
21876,4,52,52,60,60
21878,0,53,53,60,61
21878,1,51,52,59,59
21878,2,53,53,60,61
21878,3,52,55,59,60
21878,4,52,52,60,60
21886,0,53,53,60,61
21886,1,51,52,59,59
21886,2,53,53,60,61
21886,3,52,53,59,60
21886,4,52,52,60,60
21888,0,53,53,60,61
21888,1,51,52,59,59
21888,2,53,53,60,61
21888,3,52,55,59,60
21888,4,52,52,60,60
21911,0,53,53,60,61
21911,1,51,52,59,59
21911,2,53,53,60,61
21911,3,52,54,59,60
21911,4,52,52,60,60
21914,0,53,53,60,61
21914,1,51,52,59,59
21914,2,53,53,60,61
21914,3,52,55,59,60
21914,4,52,52,60,60
21923,0,53,53,60,61
21923,1,51,52,59,59
21923,2,53,53,60,61
21923,3,52,54,59,60
21923,4,52,52,60,60
21926,0,53,53,60,61
21926,1,51,52,59,59
21926,2,53,53,60,61
21926,3,52,55,59,60
21926,4,52,52,60,60
21936,0,53,53,60,61
21936,1,51,52,59,59
21936,2,53,53,60,61
21936,3,52,54,59,60
21936,4,52,52,60,60
21939,0,53,53,60,61
21939,1,51,52,59,59
21939,2,53,53,60,61
21939,3,52,55,59,60
21939,4,52,52,60,60
21975,0,53,53,60,61
21975,1,51,52,59,59
21975,2,53,53,60,61
21975,3,52,52,59,60
21975,4,52,52,60,60
22008,0,53,53,60,61
22008,1,51,52,59,59
22008,2,53,53,60,61
22008,3,52,55,59,60
22008,4,52,52,60,60
22051,0,53,53,60,61
22051,1,51,53,59,59
22051,2,53,53,60,61
22051,3,52,55,59,60
22051,4,52,52,60,60
22058,0,53,53,60,61
22058,1,52,53,60,60
22058,2,53,53,60,61
22058,3,52,55,59,60
22058,4,52,52,60,60
22064,0,53,53,60,61
22064,1,52,52,60,60
22064,2,53,53,60,61
22064,3,52,55,59,60
22064,4,52,52,60,60
22068,0,54,54,60,62
22068,1,52,53,60,60
22068,2,53,53,60,61
22068,3,52,55,59,60
22068,4,52,52,60,60
22069,0,54,54,60,62
22069,1,52,53,60,60
22069,2,53,53,60,61
22069,3,53,52,60,61
22069,4,52,52,60,60
22070,0,56,56,60,64
22070,1,52,53,60,60
22070,2,53,53,60,61
22070,3,53,52,60,61
22070,4,52,52,60,60
22081,0,56,56,60,64
22081,1,52,52,60,60
22081,2,53,53,60,61
22081,3,53,52,60,61
22081,4,52,52,60,60
22200,0,56,56,60,64
22200,1,52,53,60,60
22200,2,53,53,60,61
22200,3,53,52,60,61
22200,4,52,52,60,60
22206,0,56,56,60,64
22206,1,52,52,60,60
22206,2,53,53,60,61
22206,3,53,52,60,61
22206,4,52,52,60,60
22248,0,56,56,60,64
22248,1,52,53,60,60
22248,2,53,53,60,61
22248,3,53,52,60,61
22248,4,52,52,60,60
22264,0,56,56,60,64
22264,1,52,52,60,60
22264,2,53,53,60,61
22264,3,53,52,60,61
22264,4,52,52,60,60
22282,0,56,56,60,64
22282,1,52,53,60,60
22282,2,53,53,60,61
22282,3,53,52,60,61
22282,4,52,52,60,60
22285,0,56,56,60,64
22285,1,52,53,60,60
22285,2,54,54,61,62
22285,3,53,52,60,61
22285,4,52,52,60,60
22297,0,56,56,60,64
22297,1,52,52,60,60
22297,2,54,54,61,62
22297,3,53,52,60,61
22297,4,52,52,60,60
22310,0,56,56,60,64
22310,1,52,53,60,60
22310,2,54,54,61,62
22310,3,53,56,60,61
22310,4,52,52,60,60
22318,0,56,56,60,64
22318,1,52,52,60,60
22318,2,54,54,61,62
22318,3,53,56,60,61
22318,4,52,52,60,60
22322,0,56,56,60,64
22322,1,52,53,60,60
22322,2,54,54,61,62
22322,3,53,56,60,61
22322,4,52,52,60,60
22324,0,56,56,60,64
22324,1,53,53,61,61
22324,2,54,54,61,62
22324,3,53,56,60,61
22324,4,52,52,60,60
22327,0,56,56,60,64
22327,1,53,53,61,61
22327,2,54,54,61,62
22327,3,53,56,60,61
22327,4,53,53,61,61
22553,0,56,56,60,64
22553,1,53,54,61,61
22553,2,54,54,61,62
22553,3,53,56,60,61
22553,4,53,53,61,61
22559,0,56,56,60,64
22559,1,53,53,61,61
22559,2,54,54,61,62
22559,3,53,56,60,61
22559,4,53,53,61,61
22597,0,56,56,60,64
22597,1,53,53,61,61
22597,2,54,54,61,62
22597,3,53,57,60,61
22597,4,53,53,61,61
22712,0,56,56,60,64
22712,1,53,53,61,61
22712,2,56,56,61,64
22712,3,53,57,60,61
22712,4,53,53,61,61
22757,0,56,56,60,64
22757,1,53,54,61,61
22757,2,56,56,61,64
22757,3,53,57,60,61
22757,4,53,53,61,61
22762,0,56,56,60,64
22762,1,53,53,61,61
22762,2,56,56,61,64
22762,3,53,57,60,61
22762,4,53,53,61,61
22800,0,56,56,60,64
22800,1,53,54,61,61
22800,2,56,56,61,64
22800,3,53,57,60,61
22800,4,53,53,61,61
22807,0,56,56,60,64
22807,1,53,53,61,61
22807,2,56,56,61,64
22807,3,53,57,60,61
22807,4,53,53,61,61
22812,0,56,56,60,64
22812,1,53,53,61,61
22812,2,56,56,61,64
22812,3,53,57,60,61
22812,4,54,54,62,62
22814,0,56,56,60,64
22814,1,53,54,61,61
22814,2,56,56,61,64
22814,3,53,57,60,61
22814,4,54,54,62,62
22895,0,56,56,60,64
22895,1,53,54,61,61
22895,2,56,56,61,64
22895,3,53,58,60,61
22895,4,54,54,62,62
22909,0,56,56,60,64
22909,1,53,54,61,61
22909,2,56,56,61,64
22909,3,56,58,61,64
22909,4,54,54,62,62
22930,0,56,56,60,64
22930,1,54,54,62,62
22930,2,56,56,61,64
22930,3,56,58,61,64
22930,4,54,54,62,62
23178,0,56,56,60,64
23178,1,54,54,62,62
23178,2,56,56,64,64
23178,3,56,59,61,64
23178,4,54,54,62,62
23205,0,56,56,60,64
23205,1,54,55,62,62
23205,2,56,56,64,64
23205,3,56,59,61,64
23205,4,54,54,62,62
23211,0,56,56,60,64
23211,1,54,54,62,62
23211,2,56,56,64,64
23211,3,56,59,61,64
23211,4,54,54,62,62
23240,0,56,56,60,64
23240,1,54,55,62,62
23240,2,56,56,64,64
23240,3,56,59,61,64
23240,4,54,54,62,62
23241,0,56,56,60,64
23241,1,54,55,62,62
23241,2,56,56,64,64
23241,3,56,59,62,64
23241,4,54,54,62,62
23250,0,56,56,60,64
23250,1,54,54,62,62
23250,2,56,56,64,64
23250,3,56,59,62,64
23250,4,54,54,62,62
23258,0,56,56,60,64
23258,1,54,55,62,62
23258,2,56,56,64,64
23258,3,56,59,62,64
23258,4,54,54,62,62
23264,0,56,56,60,64
23264,1,54,54,62,62
23264,2,56,56,64,64
23264,3,56,59,62,64
23264,4,54,54,62,62
23272,0,56,56,60,64
23272,1,54,54,62,62
23272,2,56,56,64,64
23272,3,56,59,62,64
23272,4,55,55,63,63
23284,0,56,56,60,64
23284,1,55,55,63,63
23284,2,56,56,64,64
23284,3,56,59,62,64
23284,4,55,55,63,63
23436,0,56,56,60,64
23436,1,55,55,63,63
23436,2,56,56,64,64
23436,3,56,60,62,64
23436,4,55,55,63,63
23636,0,56,56,60,64
23636,1,55,56,63,63
23636,2,56,56,64,64
23636,3,56,60,62,64
23636,4,55,55,63,63
23643,0,56,56,60,64
23643,1,55,56,63,63
23643,2,56,56,64,64
23643,3,56,58,62,64
23643,4,55,55,63,63
23652,0,56,56,60,64
23652,1,55,56,63,63
23652,2,56,56,64,64
23652,3,56,59,62,64
23652,4,55,55,63,63
23660,0,56,56,60,64
23660,1,55,56,63,63
23660,2,56,56,64,64
23660,3,56,59,63,64
23660,4,55,55,63,63
23661,0,56,56,60,64
23661,1,55,55,63,63
23661,2,56,56,64,64
23661,3,56,59,63,64
23661,4,55,55,63,63
23679,0,56,56,60,64
23679,1,55,55,63,63
23679,2,56,56,64,64
23679,3,56,56,63,64
23679,4,55,55,63,63
23682,0,56,56,60,64
23682,1,55,55,63,63
23682,2,56,56,64,64
23682,3,56,59,63,64
23682,4,55,55,63,63
23686,0,56,56,60,64
23686,1,55,55,63,63
23686,2,56,56,64,64
23686,3,56,56,63,64
23686,4,55,55,63,63
23688,0,56,56,60,64
23688,1,55,55,63,63
23688,2,56,56,64,64
23688,3,56,59,63,64
23688,4,55,55,63,63
23691,0,57,57,64,65
23691,1,55,55,63,63
23691,2,56,56,64,64
23691,3,56,59,63,64
23691,4,55,55,63,63
23695,0,57,57,64,65
23695,1,55,55,63,63
23695,2,57,57,64,65
23695,3,56,59,63,64
23695,4,55,55,63,63
23698,0,57,57,64,65
23698,1,55,55,63,63
23698,2,57,57,64,65
23698,3,56,57,63,64
23698,4,55,55,63,63
23701,0,57,57,64,65
23701,1,55,55,63,63
23701,2,57,57,64,65
23701,3,56,59,63,64
23701,4,55,55,63,63
23713,0,57,57,64,65
23713,1,55,55,63,63
23713,2,57,57,64,65
23713,3,56,57,63,64
23713,4,55,55,63,63
23715,0,57,57,64,65
23715,1,55,55,63,63
23715,2,57,57,64,65
23715,3,56,59,63,64
23715,4,55,55,63,63
23720,0,57,57,64,65
23720,1,55,55,63,63
23720,2,57,57,64,65
23720,3,56,57,63,64
23720,4,55,55,63,63
23725,0,58,58,64,66
23725,1,55,55,63,63
23725,2,57,57,64,65
23725,3,56,57,63,64
23725,4,55,55,63,63
23727,0,58,58,64,66
23727,1,55,55,63,63
23727,2,57,57,64,65
23727,3,56,60,63,64
23727,4,55,55,63,63
23729,0,58,58,64,66
23729,1,55,55,63,63
23729,2,58,58,64,66
23729,3,56,60,63,64
23729,4,55,55,63,63
23734,0,58,58,64,66
23734,1,55,55,63,63
23734,2,58,58,64,66
23734,3,56,56,63,64
23734,4,55,55,63,63
23750,0,58,58,64,66
23750,1,55,56,63,63
23750,2,58,58,64,66
23750,3,56,56,63,64
23750,4,55,55,63,63
23759,0,58,58,64,66
23759,1,55,56,63,63
23759,2,58,58,64,66
23759,3,56,57,63,64
23759,4,55,55,63,63
23762,0,58,58,64,66
23762,1,55,56,63,63
23762,2,58,58,64,66
23762,3,56,59,63,64
23762,4,55,55,63,63
23766,0,58,58,64,66
23766,1,55,55,63,63
23766,2,58,58,64,66
23766,3,56,59,63,64
23766,4,55,55,63,63
23768,0,58,58,64,66
23768,1,55,55,63,63
23768,2,58,58,64,66
23768,3,56,56,63,64
23768,4,55,55,63,63
23778,0,58,58,64,66
23778,1,55,55,63,63
23778,2,58,58,64,66
23778,3,56,59,63,64
23778,4,55,55,63,63
23779,0,60,60,64,68
23779,1,55,55,63,63
23779,2,58,58,64,66
23779,3,56,59,63,64
23779,4,55,55,63,63
23782,0,60,60,64,68
23782,1,55,55,63,63
23782,2,58,58,64,66
23782,3,56,60,63,64
23782,4,55,55,63,63
23801,0,60,60,64,68
23801,1,55,56,63,63
23801,2,58,58,64,66
23801,3,56,60,63,64
23801,4,55,55,63,63
23808,0,61,61,68,69
23808,1,55,56,63,63
23808,2,58,58,64,66
23808,3,56,60,63,64
23808,4,55,55,63,63
23811,0,61,61,68,69
23811,1,55,56,63,63
23811,2,58,58,64,66
23811,3,60,60,63,68
23811,4,55,55,63,63
23831,0,61,61,68,69
23831,1,55,55,63,63
23831,2,58,58,64,66
23831,3,60,60,63,68
23831,4,55,55,63,63
23848,0,61,61,68,69
23848,1,56,56,64,64
23848,2,58,58,64,66
23848,3,60,60,63,68
23848,4,55,55,63,63
23853,0,61,61,68,69
23853,1,56,56,64,64
23853,2,58,58,64,66
23853,3,60,60,63,68
23853,4,56,56,64,64
23878,0,61,61,68,69
23878,1,56,56,64,64
23878,2,58,58,64,66
23878,3,60,61,63,68
23878,4,56,56,64,64
24130,0,61,61,68,69
24130,1,56,56,64,64
24130,2,58,58,64,66
24130,3,60,60,64,68
24130,4,56,56,64,64
24131,0,61,61,68,69
24131,1,56,57,64,64
24131,2,58,58,64,66
24131,3,60,60,64,68
24131,4,56,56,64,64
24137,0,61,61,68,69
24137,1,56,56,64,64
24137,2,58,58,64,66
24137,3,60,60,64,68
24137,4,56,56,64,64
24144,0,61,61,68,69
24144,1,56,56,64,64
24144,2,58,58,64,66
24144,3,61,60,64,69
24144,4,56,56,64,64
24147,0,61,61,68,69
24147,1,56,56,64,64
24147,2,61,61,69,69
24147,3,61,60,64,69
24147,4,56,56,64,64
24209,0,61,61,68,69
24209,1,56,56,64,64
24209,2,61,61,69,69
24209,3,61,62,64,69
24209,4,56,56,64,64
24215,0,61,61,68,69
24215,1,56,57,64,64
24215,2,61,61,69,69
24215,3,61,62,64,69
24215,4,56,56,64,64
24233,0,61,61,68,69
24233,1,56,56,64,64
24233,2,61,61,69,69
24233,3,61,62,64,69
24233,4,56,56,64,64
24260,0,61,61,68,69
24260,1,56,57,64,64
24260,2,61,61,69,69
24260,3,61,62,64,69
24260,4,56,56,64,64
24275,0,61,61,68,69
24275,1,56,56,64,64
24275,2,61,61,69,69
24275,3,61,62,64,69
24275,4,56,56,64,64
24294,0,61,61,68,69
24294,1,56,57,64,64
24294,2,61,61,69,69
24294,3,61,62,64,69
24294,4,56,56,64,64
24302,0,61,61,68,69
24302,1,56,57,64,64
24302,2,61,61,69,69
24302,3,61,62,64,69
24302,4,57,57,65,65
24307,0,61,61,68,69
24307,1,57,57,65,65
24307,2,61,61,69,69
24307,3,61,62,64,69
24307,4,57,57,65,65
24309,0,61,61,68,69
24309,1,57,57,65,65
24309,2,61,61,69,69
24309,3,61,62,65,69
24309,4,57,57,65,65
24608,0,61,61,68,69
24608,1,57,57,65,65
24608,2,61,61,69,69
24608,3,61,63,65,69
24608,4,57,57,65,65
24627,0,61,61,68,69
24627,1,57,58,65,65
24627,2,61,61,69,69
24627,3,61,63,65,69
24627,4,57,57,65,65
24637,0,61,61,68,69
24637,1,57,57,65,65
24637,2,61,61,69,69
24637,3,61,63,65,69
24637,4,57,57,65,65
24666,0,61,61,68,69
24666,1,57,58,65,65
24666,2,61,61,69,69
24666,3,61,63,65,69
24666,4,57,57,65,65
24671,0,61,61,68,69
24671,1,57,57,65,65
24671,2,61,61,69,69
24671,3,61,63,65,69
24671,4,57,57,65,65
24684,0,61,61,68,69
24684,1,57,58,65,65
24684,2,61,61,69,69
24684,3,61,63,65,69
24684,4,57,57,65,65
24701,0,61,61,68,69
24701,1,57,58,65,65
24701,2,61,61,69,69
24701,3,61,63,65,69
24701,4,58,58,66,66
24887,0,61,61,68,69
24887,1,57,58,65,65
24887,2,61,61,69,69
24887,3,61,63,66,69
24887,4,58,58,66,66
24893,0,61,61,68,69
24893,1,57,58,65,65
24893,2,61,61,69,69
24893,3,61,63,66,69
24893,4,59,59,67,67
25112,0,61,61,68,69
25112,1,57,58,65,65
25112,2,61,61,69,69
25112,3,61,63,66,69
25112,4,60,60,68,68
25127,0,63,63,67,71
25127,1,59,60,67,67
25127,2,61,61,69,69
25127,3,61,63,66,69
25127,4,60,60,68,68
25129,0,63,63,67,71
25129,1,59,60,67,67
25129,2,61,61,69,69
25129,3,63,63,67,71
25129,4,60,60,68,68
25149,0,64,64,67,72
25149,1,59,60,67,67
25149,2,61,61,69,69
25149,3,63,63,67,71
25149,4,60,60,68,68
25360,0,64,64,67,72
25360,1,59,60,67,67
25360,2,61,61,69,69
25360,3,63,64,67,71
25360,4,60,60,68,68
25366,0,64,64,67,72
25366,1,59,60,67,67
25366,2,61,61,69,69
25366,3,64,64,67,72
25366,4,60,60,68,68
25372,0,64,64,67,72
25372,1,60,61,68,68
25372,2,61,61,69,69
25372,3,64,64,67,72
25372,4,60,60,68,68
25382,0,64,64,67,72
25382,1,60,60,68,68
25382,2,61,61,69,69
25382,3,64,64,67,72
25382,4,60,60,68,68
25505,0,64,64,67,72
25505,1,60,61,68,68
25505,2,61,61,69,69
25505,3,64,64,67,72
25505,4,60,60,68,68
25516,0,64,64,67,72
25516,1,60,60,68,68
25516,2,61,61,69,69
25516,3,64,64,67,72
25516,4,60,60,68,68
25548,0,64,64,67,72
25548,1,60,61,68,68
25548,2,61,61,69,69
25548,3,64,64,67,72
25548,4,60,60,68,68
25561,0,64,64,67,72
25561,1,60,60,68,68
25561,2,61,61,69,69
25561,3,64,64,67,72
25561,4,60,60,68,68
25571,0,64,64,67,72
25571,1,60,61,68,68
25571,2,61,61,69,69
25571,3,64,64,67,72
25571,4,60,60,68,68
25604,0,64,64,67,72
25604,1,61,61,69,69
25604,2,61,61,69,69
25604,3,64,64,67,72
25604,4,60,60,68,68
25605,0,64,64,67,72
25605,1,61,61,69,69
25605,2,61,61,69,69
25605,3,64,64,67,72
25605,4,61,61,69,69
25647,0,64,64,67,72
25647,1,61,61,69,69
25647,2,61,61,69,69
25647,3,64,65,67,72
25647,4,61,61,69,69
25810,0,64,64,67,72
25810,1,61,62,69,69
25810,2,61,61,69,69
25810,3,64,65,67,72
25810,4,61,61,69,69
25817,0,64,64,67,72
25817,1,61,61,69,69
25817,2,61,61,69,69
25817,3,64,65,67,72
25817,4,61,61,69,69
25921,0,64,64,67,72
25921,1,61,62,69,69
25921,2,61,61,69,69
25921,3,64,65,67,72
25921,4,61,61,69,69
25929,0,64,64,67,72
25929,1,61,61,69,69
25929,2,61,61,69,69
25929,3,64,65,67,72
25929,4,61,61,69,69
25942,0,64,64,67,72
25942,1,61,61,69,69
25942,2,64,64,72,72
25942,3,64,65,67,72
25942,4,61,61,69,69
25967,0,64,64,67,72
25967,1,61,61,69,69
25967,2,64,64,72,72
25967,3,64,65,69,72
25967,4,61,61,69,69
25971,0,64,64,67,72
25971,1,61,62,69,69
25971,2,64,64,72,72
25971,3,64,65,69,72
25971,4,61,61,69,69
25978,0,64,64,67,72
25978,1,61,61,69,69
25978,2,64,64,72,72
25978,3,64,65,69,72
25978,4,61,61,69,69
25993,0,64,64,67,72
25993,1,61,62,69,69
25993,2,64,64,72,72
25993,3,64,65,69,72
25993,4,61,61,69,69
26012,0,64,64,67,72
26012,1,61,61,69,69
26012,2,64,64,72,72
26012,3,64,65,69,72
26012,4,61,61,69,69
26014,0,64,64,67,72
26014,1,61,62,69,69
26014,2,64,64,72,72
26014,3,64,65,69,72
26014,4,61,61,69,69
26030,0,64,64,67,72
26030,1,62,62,70,70
26030,2,64,64,72,72
26030,3,64,65,69,72
26030,4,62,62,70,70
26142,0,64,64,67,72
26142,1,62,62,70,70
26142,2,64,64,72,72
26142,3,64,66,69,72
26142,4,62,62,70,70
26277,0,64,64,67,72
26277,1,62,62,70,70
26277,2,64,64,72,72
26277,3,64,67,69,72
26277,4,62,62,70,70
26310,0,64,64,67,72
26310,1,62,63,70,70
26310,2,64,64,72,72
26310,3,64,67,69,72
26310,4,62,62,70,70
26317,0,64,64,67,72
26317,1,62,63,70,70
26317,2,64,64,72,72
26317,3,64,67,70,72
26317,4,62,62,70,70
26326,0,64,64,67,72
26326,1,62,62,70,70
26326,2,64,64,72,72
26326,3,64,67,70,72
26326,4,62,62,70,70
26443,0,64,64,67,72
26443,1,62,63,70,70
26443,2,64,64,72,72
26443,3,64,67,70,72
26443,4,62,62,70,70
26446,0,64,64,67,72
26446,1,62,62,70,70
26446,2,64,64,72,72
26446,3,64,67,70,72
26446,4,62,62,70,70
26496,0,64,64,67,72
26496,1,62,63,70,70
26496,2,64,64,72,72
26496,3,64,67,70,72
26496,4,62,62,70,70
26512,0,64,64,67,72
26512,1,62,62,70,70
26512,2,64,64,72,72
26512,3,64,67,70,72
26512,4,62,62,70,70
26522,0,64,64,67,72
26522,1,62,63,70,70
26522,2,64,64,72,72
26522,3,64,67,70,72
26522,4,62,62,70,70
26526,0,64,64,67,72
26526,1,62,62,70,70
26526,2,64,64,72,72
26526,3,64,67,70,72
26526,4,62,62,70,70
26529,0,64,64,67,72
26529,1,62,62,70,70
26529,2,64,64,72,72
26529,3,64,67,70,72
26529,4,63,63,71,71
26531,0,64,64,67,72
26531,1,62,63,70,70
26531,2,64,64,72,72
26531,3,64,67,70,72
26531,4,63,63,71,71
26546,0,64,64,67,72
26546,1,63,63,71,71
26546,2,64,64,72,72
26546,3,64,67,70,72
26546,4,63,63,71,71
26580,0,64,64,67,72
26580,1,63,63,71,71
26580,2,64,64,72,72
26580,3,64,68,70,72
26580,4,63,63,71,71
26787,0,64,64,67,72
26787,1,63,64,71,71
26787,2,64,64,72,72
26787,3,64,68,70,72
26787,4,63,63,71,71
26791,0,64,64,67,72
26791,1,63,64,71,71
26791,2,64,64,72,72
26791,3,64,68,71,72
26791,4,63,63,71,71
26792,0,64,64,67,72
26792,1,63,63,71,71
26792,2,64,64,72,72
26792,3,64,68,71,72
26792,4,63,63,71,71
26859,0,64,64,67,72
26859,1,63,63,71,71
26859,2,64,64,72,72
26859,3,64,69,71,72
26859,4,63,63,71,71
26956,0,64,64,67,72
26956,1,63,64,71,71
26956,2,64,64,72,72
26956,3,64,69,71,72
26956,4,63,63,71,71
26986,0,64,64,67,72
26986,1,63,63,71,71
26986,2,64,64,72,72
26986,3,64,69,71,72
26986,4,63,63,71,71
27116,0,64,64,67,72
27116,1,63,63,71,71
27116,2,64,64,72,72
27116,3,64,69,71,72
27116,4,64,64,72,72
27403,0,64,64,67,72
27403,1,64,64,72,72
27403,2,64,64,72,72
27403,3,64,69,71,72
27403,4,64,64,72,72
27406,0,65,65,72,73
27406,1,64,64,72,72
27406,2,64,64,72,72
27406,3,64,69,71,72
27406,4,64,64,72,72
27409,0,65,65,72,73
27409,1,64,65,72,72
27409,2,64,64,72,72
27409,3,64,69,71,72
27409,4,64,64,72,72
27410,0,65,65,72,73
27410,1,64,65,72,72
27410,2,65,65,72,73
27410,3,64,69,71,72
27410,4,64,64,72,72
27412,0,66,66,72,74
27412,1,64,65,72,72
27412,2,65,65,72,73
27412,3,64,69,71,72
27412,4,64,64,72,72
27421,0,66,66,72,74
27421,1,64,65,72,72
27421,2,66,66,72,74
27421,3,64,69,71,72
27421,4,64,64,72,72
27422,0,66,66,72,74
27422,1,64,65,72,72
27422,2,66,66,72,74
27422,3,64,64,72,72
27422,4,64,64,72,72
27426,0,66,66,72,74
27426,1,64,64,72,72
27426,2,66,66,72,74
27426,3,64,64,72,72
27426,4,64,64,72,72
27448,0,66,66,72,74
27448,1,64,65,72,72
27448,2,66,66,72,74
27448,3,64,64,72,72
27448,4,64,64,72,72
27450,0,66,66,72,74
27450,1,64,64,72,72
27450,2,66,66,72,74
27450,3,64,64,72,72
27450,4,64,64,72,72
27461,0,66,66,72,74
27461,1,64,64,72,72
27461,2,66,66,72,74
27461,3,64,65,72,72
27461,4,64,64,72,72
27469,0,66,66,72,74
27469,1,64,65,72,72
27469,2,66,66,72,74
27469,3,64,65,72,72
27469,4,64,64,72,72
27485,0,66,66,72,74
27485,1,64,64,72,72
27485,2,66,66,72,74
27485,3,64,65,72,72
27485,4,64,64,72,72
27486,0,66,66,72,74
27486,1,64,64,72,72
27486,2,66,66,72,74
27486,3,64,64,72,72
27486,4,64,64,72,72
27498,0,66,66,72,74
27498,1,64,64,72,72
27498,2,66,66,72,74
27498,3,64,65,72,72
27498,4,64,64,72,72
